outcome,mechanism,subgroup,level,model,n,events,prevalence,auroc,auprc,sens_alert,ppv_alert,rate_alert,sens_s80,ppv_s80,rate_s80,cal_intercept,cal_slope,ici,brier,mean_pred
LBW,MCAR,mracehisp,1.0,T_oracle,50175,2701,0.053831589436970605,0.6745667930209606,0.12942702692389108,0.16808589411329136,0.18321226795803067,0.04938714499252616,0.6508700481303221,0.08298324286051452,0.4222222222222222,0.017840386602508928,0.9835100434427531,0.0027996055023841015,0.04933653233684113,0.05295717575466199
LBW,MCAR,mracehisp,1.0,B1_teacher_meanimp,50175,2701,0.053831589436970605,0.6729368706691838,0.1286890912931922,0.16660496112550907,0.1822600243013366,0.04920777279521674,0.6523509811181044,0.0824481774367133,0.4259292476332835,0.019648292959012433,0.9787065697032911,0.002911907647237763,0.04936040110454519,0.052869109479813235
LBW,MCAR,mracehisp,1.0,B2_teacher_iterimp,50175,2701,0.053831589436970605,0.6720192343791073,0.1263515241589018,0.16549426138467235,0.18372379778051787,0.04849028400597907,0.6460570159200296,0.08207902163687676,0.42371699053313405,0.006551335335410291,0.9702762056679545,0.003040288890156567,0.049404401727912925,0.05350893877442119
LBW,MCAR,mracehisp,1.0,B3_pooled,50175,2701,0.053831589436970605,0.669971635675574,0.12462957795964241,0.1599407626804887,0.18158890290037832,0.04741405082212257,0.6434653831914106,0.08263991251010414,0.4191529646238166,0.008651879872764296,1.0051261083217085,0.0026152934105057846,0.049461922200225265,0.053404504150011974
LBW,MCAR,mracehisp,1.0,KD_pooled,50175,2701,0.053831589436970605,0.6713705346336849,0.125947744257033,0.16512402813772678,0.18444995864350702,0.04819133034379671,0.6397630507219548,0.08251754930519077,0.4173592426507225,0.0167397699288934,0.9814376597087348,0.002893459495622997,0.0494256666481416,0.05300957890724497
LBW,MCAR,mracehisp,1.0,B4_logistic_pooled,50175,2701,0.053831589436970605,0.6358188898252645,0.10797764200167295,0.11255090707145501,0.178508514386377,0.033941205779770806,0.6201406886338393,0.07602578068264343,0.43910313901345294,0.010051660697470799,1.101410635232628,0.003770588976521271,0.049941177516055535,0.05332974471967978
LBW,MCAR,mracehisp,4.0,T_oracle,6195,536,0.08652138821630347,0.5916097854955651,0.12793951775787138,0.1623134328358209,0.15535714285714286,0.0903954802259887,0.9048507462686567,0.0900315574531279,0.8695722356739306,0.09382589838162095,0.7615008551499872,0.010662944257459164,0.07827743883716513,0.0795202731120972
LBW,MCAR,mracehisp,4.0,B1_teacher_meanimp,6195,536,0.08652138821630347,0.5919361708861595,0.12611514100818794,0.16417910447761194,0.15770609318996415,0.09007263922518159,0.9048507462686567,0.08958256372367936,0.8739305891848265,0.09324364739187853,0.7528108345180065,0.01061339215609193,0.07833697271819902,0.07956073594286306
LBW,MCAR,mracehisp,4.0,B2_teacher_iterimp,6195,536,0.08652138821630347,0.5909006390560012,0.12447549246375453,0.1623134328358209,0.14795918367346939,0.09491525423728814,0.914179104477612,0.08833603749774653,0.8953995157384987,0.04748002537437694,0.7449014880177012,0.008850148036720342,0.078371015300586,0.0829103510802977
LBW,MCAR,mracehisp,4.0,B3_pooled,6195,536,0.08652138821630347,0.5883236780402635,0.120829144661504,0.15298507462686567,0.14695340501792115,0.09007263922518159,0.9496268656716418,0.09073083778966132,0.9055690072639225,0.05960774909415488,0.7201935020933503,0.008809332876004867,0.07853715614294027,0.08200993226563176
LBW,MCAR,mracehisp,4.0,KD_pooled,6195,536,0.08652138821630347,0.5885185202279819,0.12499931551628543,0.15485074626865672,0.1503623188405797,0.0891041162227603,0.917910447761194,0.09002744739249771,0.8821630347054076,0.08280365331883784,0.7407520511986934,0.00950751557417355,0.07837854590172479,0.0803098162943908
LBW,MCAR,mracehisp,4.0,B4_logistic_pooled,6195,536,0.08652138821630347,0.5446023768768808,0.11077426124252157,0.15298507462686567,0.12538226299694188,0.10556900726392252,0.9682835820895522,0.08702213279678069,0.9627118644067797,0.03895486285203174,0.5299588565550367,0.013642660907159213,0.07895677443710838,0.08353791699473724
LBW,MCAR,mracehisp,2.0,T_oracle,12677,1581,0.12471404906523625,0.6667663943266449,0.2346590594917801,0.5964579380139152,0.19491525423728814,0.38163603376193106,0.9873497786211258,0.12975893599334995,0.9489626883332019,0.012625418546227842,1.0371005812769725,0.0021405696584955083,0.10423676256096269,0.12339998792926539
LBW,MCAR,mracehisp,2.0,B1_teacher_meanimp,12677,1581,0.12471404906523625,0.6662407648595638,0.23458441454809553,0.5964579380139152,0.19439290867862297,0.3826615129762562,0.9886148007590133,0.1296449900464499,0.9510136467618522,0.014151755209269996,1.0380954150642716,0.0021501223180656888,0.10423850814510219,0.12324164663444064
LBW,MCAR,mracehisp,2.0,B2_teacher_iterimp,12677,1581,0.12471404906523625,0.6664748498185235,0.23063595996847686,0.5939278937381404,0.19538077403245943,0.37911177723436146,0.9879822896900696,0.1301124531445231,0.9469906129210381,0.006876347472125278,1.0274397935251518,0.001882903793420978,0.10431422677812599,0.12399736505907173
LBW,MCAR,mracehisp,2.0,B3_pooled,12677,1581,0.12471404906523625,0.6635244330771823,0.23028914343389395,0.5781151170145478,0.1907345575959933,0.37800741500354973,0.9905123339658444,0.12905884292071865,0.9571665220478031,0.016586062704112288,1.0328618256189697,0.0029542098383099117,0.10446582089920833,0.12298753665178916
LBW,MCAR,mracehisp,2.0,KD_pooled,12677,1581,0.12471404906523625,0.6667715816470553,0.2318529171136588,0.5939278937381404,0.19245747079319533,0.3848702374378796,0.9911448450347881,0.1297937546591568,0.9523546580421235,0.014165060850986259,1.0484483505949094,0.0025250457423003176,0.1043166673679992,0.12323794331545704
LBW,MCAR,mracehisp,2.0,B4_logistic_pooled,12677,1581,0.12471404906523625,0.6381917548283123,0.2099927775003793,0.6306135357368754,0.17294015611448396,0.45476059004496333,0.9911448450347881,0.12626913779210314,0.978938234598091,0.014956935113938351,0.9446354074429678,0.005343536248314531,0.10581841638432538,0.12314942009505266
LBW,MCAR,mracehisp,7.0,T_oracle,27167,1798,0.06618323701549675,0.6375426513339417,0.12208949324227988,0.1557285873192436,0.16676593210244192,0.0618029226635256,0.7797552836484983,0.08314060368854889,0.6207163102293224,0.028966324531998437,0.962905384374033,0.0021945695875323127,0.0605703660386872,0.06445371119027127
LBW,MCAR,mracehisp,7.0,B1_teacher_meanimp,27167,1798,0.06618323701549675,0.6378811259711004,0.12192730534388244,0.15739710789766406,0.16637272192827748,0.06261272867817573,0.7830923248053393,0.08307764928015104,0.623845106195016,0.03060543910866778,0.9658419889298726,0.0022609676687410565,0.060569211151179546,0.06435699371086938
LBW,MCAR,mracehisp,7.0,B2_teacher_iterimp,27167,1798,0.06618323701549675,0.6366514999453452,0.11944328966320678,0.1557285873192436,0.166270783847981,0.06198696948503699,0.7719688542825361,0.08240322963666588,0.620016932307579,0.01367678609573212,0.9440538020653692,0.0028784238853060804,0.06063669084214825,0.06536202022005938
LBW,MCAR,mracehisp,7.0,B3_pooled,27167,1798,0.06618323701549675,0.6352282139864762,0.11992911483158553,0.16240266963292546,0.15930169121658483,0.06747156476607649,0.7797552836484983,0.08272850652032808,0.6238082968307137,0.010596503006380866,0.9337585096967717,0.0024748805788275207,0.06064256437481152,0.06554600908663984
LBW,MCAR,mracehisp,7.0,KD_pooled,27167,1798,0.06618323701549675,0.6369438149640999,0.12168229245403123,0.15739710789766406,0.1628308400460299,0.06397467515736004,0.78587319243604,0.0832253504535281,0.6249493871240843,0.023640682384569428,0.9605700185326981,0.0020608323668538484,0.06058656400826338,0.06476819927239419
LBW,MCAR,mracehisp,7.0,B4_logistic_pooled,27167,1798,0.06618323701549675,0.61031166632342,0.10936722771916106,0.12903225806451613,0.16909620991253643,0.0505024478227261,0.8325917686318132,0.07498121712997746,0.7348989582949903,0.010754484484894663,0.9678542654738065,0.002577769237294295,0.06096069513288318,0.06553147766342673
LBW,MCAR,mracehisp,6.0,T_oracle,2504,185,0.0738817891373802,0.6403866997657425,0.14265637678979803,0.1945945945945946,0.15789473684210525,0.09105431309904154,0.827027027027027,0.08808290155440414,0.6936900958466453,0.02268089377265465,0.9030027421393335,0.006267065335933711,0.06681933550884936,0.07238874408444694
LBW,MCAR,mracehisp,6.0,B1_teacher_meanimp,2504,185,0.0738817891373802,0.6398599116581005,0.1440443134979534,0.2,0.1615720524017467,0.09145367412140575,0.827027027027027,0.08762886597938144,0.6972843450479234,0.02343573417152613,0.9118695833329075,0.005752287533935086,0.06672508503021622,0.07233920991545247
LBW,MCAR,mracehisp,6.0,B2_teacher_iterimp,2504,185,0.0738817891373802,0.6355640245679056,0.13569258657760133,0.2,0.15677966101694915,0.09424920127795527,0.8324324324324325,0.08740068104426787,0.7036741214057508,-0.0022129339398206213,0.8676881919840118,0.004846845124746719,0.06713570715859028,0.07402878469383707
LBW,MCAR,mracehisp,6.0,B3_pooled,2504,185,0.0738817891373802,0.6370243464680723,0.13298271499200068,0.1783783783783784,0.16097560975609757,0.08186900958466453,0.7891891891891892,0.08832425892316999,0.6601437699680511,0.0688456281034272,0.8709090778715532,0.00566999813322488,0.06706078290615314,0.06943115260907586
LBW,MCAR,mracehisp,6.0,KD_pooled,2504,185,0.0738817891373802,0.6405755043529947,0.13553577347392948,0.17297297297297298,0.15458937198067632,0.08266773162939298,0.827027027027027,0.0890570430733411,0.6861022364217252,0.037184205402179864,0.8959397032622716,0.005516534244787951,0.06696561150585109,0.07144420647118242
LBW,MCAR,mracehisp,6.0,B4_logistic_pooled,2504,185,0.0738817891373802,0.5996818293066676,0.12403041288860009,0.14594594594594595,0.14917127071823205,0.07228434504792332,0.8486486486486486,0.08215593929879644,0.7631789137380192,0.06786166806197148,0.8488505831631857,0.006441544665860198,0.06750909397084462,0.06945205309368446
LBW,MCAR,mage_band,20-34,T_oracle,75144,4925,0.06554082827637603,0.6786280832924231,0.1506044031588611,0.23857868020304568,0.1861533586818758,0.08399872245289045,0.7561421319796955,0.09113155833985905,0.5438092196316405,0.031807014665108505,1.00192449741584,0.0031636814725366316,0.05903557825572236,0.06368472767650407
LBW,MCAR,mage_band,20-34,B1_teacher_meanimp,75144,4925,0.06554082827637603,0.6780687772836584,0.15037822310276028,0.23817258883248732,0.18545454545454546,0.0841717236239753,0.7593908629441625,0.09091351062278186,0.5474555520068136,0.03377896198223231,1.0008047842120127,0.003297946375069371,0.059048571131281084,0.0635709180293862
LBW,MCAR,mage_band,20-34,B2_teacher_iterimp,75144,4925,0.06554082827637603,0.6768700171754171,0.1470640641282601,0.2379695431472081,0.18650541056651815,0.08362610454593847,0.7514720812182741,0.09026829268292683,0.545619078036836,0.017854711872305074,0.9876552760564761,0.003186467464469578,0.05911577812397762,0.06449331923065989
LBW,MCAR,mage_band,20-34,B3_pooled,75144,4925,0.06554082827637603,0.6751529786108623,0.145599493748516,0.23431472081218274,0.17855485068853474,0.08600819759395294,0.7561421319796955,0.09110926261192934,0.543942297455552,0.020553251637328084,0.9943669959418141,0.0034454283984522455,0.059192483989775925,0.06433429226614278
LBW,MCAR,mage_band,20-34,KD_pooled,75144,4925,0.06554082827637603,0.676401990494857,0.14763669862867404,0.23634517766497462,0.18299009589687157,0.08465080379005642,0.7539086294416244,0.09111656441717791,0.5422921324390504,0.02889722784675333,0.9945761000565997,0.003542006276923062,0.05912877671319134,0.0638511149972704
LBW,MCAR,mage_band,20-34,B4_logistic_pooled,75144,4925,0.06554082827637603,0.6507328074321215,0.1336805704848544,0.22741116751269036,0.16614745586708204,0.08970776109869051,0.7823350253807106,0.08368082703501,0.6127435324177579,-0.009772718258633946,1.016945945946835,0.00557837581339695,0.05964669354889281,0.06612653216804258
LBW,MCAR,mage_band,35+,T_oracle,21140,1590,0.07521286660359508,0.6823634608888675,0.16728731533118424,0.310062893081761,0.17714696370822852,0.1316461684011353,0.8484276729559749,0.09867602955160559,0.6466887417218543,0.0038359548512450527,0.9129687070840078,0.00427577831215917,0.06690556370267613,0.07495901387937959
LBW,MCAR,mage_band,35+,B1_teacher_meanimp,21140,1590,0.07521286660359508,0.6815408161623959,0.16701059773395294,0.3113207547169811,0.1766595289079229,0.1325449385052034,0.8459119496855346,0.09793213921654288,0.6496688741721854,0.0027458283494112244,0.9111010649810293,0.004306642725347522,0.06691650665763897,0.07503104430949606
LBW,MCAR,mage_band,35+,B2_teacher_iterimp,21140,1590,0.07521286660359508,0.6818197011372227,0.16405627506158504,0.31069182389937106,0.17474354439334985,0.1337275307473983,0.8515723270440252,0.0978394392658429,0.654635761589404,-0.019543457107518918,0.9118356890204693,0.004006584662436798,0.0669860458519409,0.07651901805111747
LBW,MCAR,mage_band,35+,B3_pooled,21140,1590,0.07521286660359508,0.6785303447055606,0.1631779177843446,0.29056603773584905,0.1763358778625954,0.1239356669820246,0.8465408805031447,0.097226235192141,0.6548722800378429,-0.0022953699705273397,0.9388597950270974,0.0029662428145949783,0.06704019471802519,0.07536582143742462
LBW,MCAR,mage_band,35+,KD_pooled,21140,1590,0.07521286660359508,0.6809728482040889,0.16519281801771926,0.3062893081761006,0.1770909090909091,0.13008514664143803,0.8484276729559749,0.0980734278444202,0.6506622516556292,0.004078139714892572,0.930066989235114,0.003563632062773709,0.0669390344964621,0.0749422785622443
LBW,MCAR,mage_band,35+,B4_logistic_pooled,21140,1590,0.07521286660359508,0.652877511299844,0.14641335982868808,0.2660377358490566,0.1731477691363078,0.11556291390728476,0.8012578616352202,0.09264780743218674,0.650473036896878,0.051880145946922585,0.9023127193503383,0.004490664565768534,0.0676978830519001,0.07181111527905519
LBW,MCAR,mage_band,<20,T_oracle,3716,366,0.0984930032292788,0.6688691786966805,0.19372804378025818,0.4098360655737705,0.18450184501845018,0.21878363832077502,0.9617486338797814,0.10167533217793183,0.9316469321851453,0.0008231310001042892,1.1542069246683198,0.008333429347844378,0.08547464710514094,0.09842198094914323
LBW,MCAR,mage_band,<20,B1_teacher_meanimp,3716,366,0.0984930032292788,0.6672257564635837,0.19370981630294098,0.412568306010929,0.18757763975155278,0.2166307857911733,0.9617486338797814,0.10173410404624278,0.9311087190527448,0.007502805198487685,1.148295948587171,0.007989017490442955,0.08548971719710836,0.09784735766304746
LBW,MCAR,mage_band,<20,B2_teacher_iterimp,3716,366,0.0984930032292788,0.6696953755811108,0.19676228274411117,0.4016393442622951,0.1856060606060606,0.2131324004305705,0.9617486338797814,0.10179294389820706,0.9305705059203444,-0.0031392827592619304,1.152563212089094,0.008545196647375693,0.08538685012890838,0.0987640311977486
LBW,MCAR,mage_band,<20,B3_pooled,3716,366,0.0984930032292788,0.669665198597178,0.20004937136823564,0.41530054644808745,0.18976279650436953,0.21555435952637245,0.9699453551912568,0.10304789550072568,0.9270721205597416,0.010448064625515688,1.1487213356471295,0.006833536538038598,0.08519162742365337,0.0975969958587552
LBW,MCAR,mage_band,<20,KD_pooled,3716,366,0.0984930032292788,0.6692533235462034,0.19878105970319407,0.4016393442622951,0.18490566037735848,0.21393972012917115,0.9726775956284153,0.10274170274170275,0.932454251883746,0.006876118763083786,1.1873656165712982,0.008247850308970859,0.08527231170810555,0.0979010531081214
LBW,MCAR,mage_band,<20,B4_logistic_pooled,3716,366,0.0984930032292788,0.6442378272571568,0.17408518320850025,0.30601092896174864,0.18887015177065766,0.15958019375672766,0.9644808743169399,0.10406839622641509,0.9128094725511302,0.1887490882341202,1.2056671495704603,0.01593354073423723,0.08681581305007474,0.08321129004225798
LBW,MCAR,payer_obs,1.0,T_oracle,39562,3285,0.08303422476113442,0.6763853629369385,0.17924146164733726,0.3528158295281583,0.18493697143768947,0.15840958495526009,0.8642313546423136,0.1015706057028371,0.7065112987209949,0.011782288684183687,0.9820595586926544,0.0027849705507034623,0.07302971053367795,0.08217870965409937
LBW,MCAR,payer_obs,1.0,B1_teacher_meanimp,39562,3285,0.08303422476113442,0.6758712400177747,0.1794316520313806,0.35220700152207,0.18414770014324366,0.15881401344724735,0.8660578386605784,0.1015201256066229,0.7083565037156868,0.014728596640029725,0.9811610495139724,0.0026312886115165595,0.07303289404199359,0.08196590755622844
LBW,MCAR,payer_obs,1.0,B2_teacher_iterimp,39562,3285,0.08303422476113442,0.6753633560878123,0.17554966363668714,0.35190258751902587,0.18570281124497992,0.15734796016379354,0.8569254185692542,0.10109534925480337,0.7038319599615793,0.0037643586847684344,0.969643324087452,0.002755702201965457,0.07313109491715024,0.08276018985883274
LBW,MCAR,payer_obs,1.0,B3_pooled,39562,3285,0.08303422476113442,0.6715237805975324,0.17519923465505557,0.34581430745814307,0.18034608668042545,0.15921844193923462,0.8550989345509894,0.10134208817374991,0.7006218088064304,0.015107738473020976,0.9669534696212628,0.0022408460121103005,0.0732288959768638,0.08193711916978924
LBW,MCAR,payer_obs,1.0,KD_pooled,39562,3285,0.08303422476113442,0.6736694894002008,0.17721793273344685,0.34794520547945207,0.18270460358056265,0.15813154036701885,0.8636225266362253,0.10161538737060782,0.7057024417370203,0.014490268016414357,0.9799022605867225,0.001935407877037037,0.07311828450995426,0.08198160756798993
LBW,MCAR,payer_obs,1.0,B4_logistic_pooled,39562,3285,0.08303422476113442,0.6489658739038605,0.1605119021848147,0.3445966514459665,0.1695372173131646,0.16877306506243364,0.9053272450532724,0.09301307312191155,0.8081997876750417,0.005226156024585796,0.9607222448235107,0.002499275230502113,0.07387012008723125,0.08265019237252084
LBW,MCAR,payer_obs,2.0,T_oracle,52442,3091,0.05894130658632394,0.6724444073462086,0.12570348913256035,0.17437722419928825,0.17403939296092993,0.05905571869875291,0.7246845681009382,0.08456659619450317,0.5050913390030891,0.01985393889537977,0.9815783622668679,0.0034508791035661973,0.0539422561638508,0.05788064322892151
LBW,MCAR,payer_obs,2.0,B1_teacher_meanimp,52442,3091,0.05894130658632394,0.6713216882209698,0.12494248044863607,0.17534778388870917,0.1743325828240592,0.05928454292361084,0.7256551277903591,0.08390378932405641,0.5097631669272721,0.019739767020778676,0.9771199082995847,0.0034353291138288903,0.05396375949762504,0.057886596783858275
LBW,MCAR,payer_obs,2.0,B2_teacher_iterimp,52442,3091,0.05894130658632394,0.6701429917822825,0.1231682636108592,0.17437722419928825,0.17214947301181732,0.05970405400251707,0.7256551277903591,0.08365345168388469,0.5112886617596583,-0.001820274678682405,0.9651351081670075,0.003021737091782399,0.054005103371773874,0.05903943040909387
LBW,MCAR,payer_obs,2.0,B3_pooled,52442,3091,0.05894130658632394,0.6692713019653792,0.12249877401806042,0.164024587512132,0.16843853820598007,0.05739674306853285,0.7318020058233581,0.08430546755618501,0.5116318980969452,0.0011246058802738177,0.9903166049057914,0.0023449015901589685,0.05403548400784765,0.05888065200699391
LBW,MCAR,payer_obs,2.0,KD_pooled,52442,3091,0.05894130658632394,0.6705908201231014,0.12395303092292323,0.17211258492397283,0.17194570135746606,0.05899851264253842,0.7208023293432546,0.08420575229600515,0.5045383471263492,0.014534745481436184,0.9794298967986901,0.00301508401631033,0.05398953097766315,0.05816253028505423
LBW,MCAR,payer_obs,2.0,B4_logistic_pooled,52442,3091,0.05894130658632394,0.6382078852938512,0.10996887162202745,0.1397605952766095,0.16011860637509265,0.05144731322222646,0.6952442575218376,0.07888264875380832,0.5194881964837345,0.006397239081215354,1.0073279543533502,0.0035258889092948968,0.054461425884116156,0.058594216850756844
LBW,MCAR,payer_obs,3.0,T_oracle,4718,283,0.05998304366256889,0.6979902079905664,0.18791660776119093,0.254416961130742,0.2315112540192926,0.06591776176345909,0.6643109540636042,0.09973474801061008,0.3995337007206443,0.13918282639733554,0.9938568912479807,0.008326063326310015,0.05336154410490797,0.05291026628116302
LBW,MCAR,payer_obs,3.0,B1_teacher_meanimp,4718,283,0.05998304366256889,0.6972269252373308,0.1859815213484746,0.254416961130742,0.23529411764705882,0.06485799067401442,0.6713780918727915,0.10010537407797682,0.4022891055532005,0.14312704951513708,0.9978865461997167,0.00903120882593912,0.05336464173153363,0.0527177744320212
LBW,MCAR,payer_obs,3.0,B2_teacher_iterimp,4718,283,0.05998304366256889,0.6992259611745631,0.17957292971208047,0.2508833922261484,0.23278688524590163,0.06464603645612547,0.6713780918727915,0.09758602978941962,0.41267486222975835,0.10928985460881434,0.9833230848510397,0.0076704791541350285,0.05341931198824694,0.05437212741005715
LBW,MCAR,payer_obs,3.0,B3_pooled,4718,283,0.05998304366256889,0.7023603602885814,0.18592235683957692,0.26148409893992935,0.2195845697329377,0.07142857142857142,0.6784452296819788,0.09761057447890188,0.4169139465875371,0.0889923055951218,1.0816522649563935,0.0049340019551704145,0.053367448487772924,0.05534509385772218
LBW,MCAR,payer_obs,3.0,KD_pooled,4718,283,0.05998304366256889,0.7002585441058716,0.18203191001984984,0.2579505300353357,0.2310126582278481,0.06697753285290377,0.6678445229681979,0.09942135718043135,0.4029249682068673,0.12638177685608343,1.0364588046517478,0.0069504310157925825,0.05344715800820096,0.053506999158028166
LBW,MCAR,payer_obs,3.0,B4_logistic_pooled,4718,283,0.05998304366256889,0.683506957585222,0.15467293038852942,0.1625441696113074,0.24598930481283424,0.03963543874523103,0.6643109540636042,0.08549340609367895,0.46608732513777024,0.1118266322839387,1.3579773774873787,0.009509892592728605,0.05442203692849276,0.05408855776686713
LBW,MCAR,payer_obs,4.0,T_oracle,3278,222,0.0677242220866382,0.6731168341115985,0.17773359725551743,0.21621621621621623,0.20600858369098712,0.07107992678462477,0.7117117117117117,0.09444112372982666,0.5103721781574131,0.11694972371954881,1.0102413717077479,0.00804096238267441,0.06051736632101608,0.06093147384966851
LBW,MCAR,payer_obs,4.0,B1_teacher_meanimp,3278,222,0.0677242220866382,0.6739732206028018,0.17765383707509708,0.21621621621621623,0.20512820512820512,0.0713849908480781,0.7162162162162162,0.09481216457960644,0.5115924344112264,0.11776686425930086,1.0142323616589002,0.00806187224615062,0.06051597302707472,0.06088575934409563
LBW,MCAR,payer_obs,4.0,B2_teacher_iterimp,3278,222,0.0677242220866382,0.6745716593556907,0.17874153812326268,0.21171171171171171,0.19421487603305784,0.0738255033557047,0.7162162162162162,0.09397163120567376,0.5161683953630263,0.09331498142577045,1.0122687684939478,0.0064938260440758275,0.06046316462532488,0.06225534593370105
LBW,MCAR,payer_obs,4.0,B3_pooled,3278,222,0.0677242220866382,0.6726503172020188,0.16139797344125978,0.22972972972972974,0.21428571428571427,0.0726052471018914,0.7297297297297297,0.09836065573770492,0.5024405125076266,0.1171371813194245,0.9866013329734772,0.007448012630416128,0.060757707087103416,0.0609232293711449
LBW,MCAR,payer_obs,4.0,KD_pooled,3278,222,0.0677242220866382,0.6727173836139806,0.1665198911525222,0.22522522522522523,0.20833333333333334,0.07321537522879805,0.7387387387387387,0.09698403311649911,0.515863331299573,0.11472742692083687,0.9846408294400846,0.007150959955847265,0.060691778554748756,0.061057496543411346
LBW,MCAR,payer_obs,4.0,B4_logistic_pooled,3278,222,0.0677242220866382,0.6754648955237962,0.15102074751113476,0.20270270270270271,0.20930232558139536,0.06558877364246492,0.7612612612612613,0.09542631281761717,0.540268456375839,0.12217368671034327,1.184615266034955,0.010745241962259247,0.06118151059022449,0.06056059114048515
LBW,MCAR,foreign_born,0.0,T_oracle,75906,5231,0.06891418333201592,0.6935529225413759,0.16648612251094563,0.2999426495889887,0.18683019766611098,0.11063684030247939,0.7868476390747468,0.09647025734777107,0.5620899533633705,0.014379591643052364,0.9981288766989637,0.002991806736276466,0.06138370061121299,0.06803556323581218
LBW,MCAR,foreign_born,0.0,B1_teacher_meanimp,75906,5231,0.06891418333201592,0.6927418737186011,0.16645382421109567,0.2995603135155802,0.1863479605184921,0.11078175638289463,0.7881858153316765,0.09610050579213575,0.5652122361868627,0.016122313168156224,0.9969561627528105,0.0029759565143761043,0.06139345500482125,0.06792959358930004
LBW,MCAR,foreign_born,0.0,B2_teacher_iterimp,75906,5231,0.06891418333201592,0.691940308236989,0.16346522015709045,0.2997514815522845,0.18673335715136358,0.11062366611335073,0.784935958707704,0.09552836070913405,0.5662529971280268,-0.0011204061901804155,0.989780592408732,0.002842692033916252,0.061455431177755857,0.06898307352757456
LBW,MCAR,foreign_born,0.0,B3_pooled,75906,5231,0.06891418333201592,0.6897094969399928,0.16241421452770033,0.2919135920474097,0.18359985571720572,0.10956973098305799,0.7799655897533933,0.0962786417160252,0.558282612705188,0.008544399475709922,0.9993459654912722,0.0023251536579154135,0.061534335059905826,0.06838983522706271
LBW,MCAR,foreign_born,0.0,KD_pooled,75906,5231,0.06891418333201592,0.6911616612806689,0.16413708267024088,0.29554578474479065,0.1850610485994733,0.11005717598081838,0.781303766010323,0.09633243765615425,0.5589281479724922,0.0140185439180156,0.9971312194266007,0.002806933223989781,0.06146670920483219,0.06805634303533677
LBW,MCAR,foreign_born,0.0,B4_logistic_pooled,75906,5231,0.06891418333201592,0.6657187590212278,0.14664970451257325,0.27337029248709616,0.17354368932038836,0.10855531842015124,0.7977442171668897,0.08910954516335683,0.6169472768951071,0.002623460707426651,1.0348085078877656,0.0036882498656162156,0.062133822774005046,0.0687511745511655
LBW,MCAR,foreign_born,1.0,T_oracle,23948,1636,0.06831468181058961,0.6383709036154085,0.12012799811780263,0.1497555012224939,0.1648721399730821,0.06205111073993653,0.7927872860635696,0.08521681997371879,0.6355436779689327,0.05254791790900591,0.9076333996091428,0.004792846292634514,0.06249180388042068,0.06512177147529054
LBW,MCAR,foreign_born,1.0,B1_teacher_meanimp,23948,1636,0.06831468181058961,0.6383730678547666,0.11941438604436709,0.15158924205378974,0.16544362908605736,0.06259395356605979,0.7958435207823961,0.08499804151978065,0.6396358777350927,0.053303528797728865,0.905234425673776,0.004971506481980722,0.06251380433723139,0.06507675804353577
LBW,MCAR,foreign_born,1.0,B2_teacher_iterimp,23948,1636,0.06831468181058961,0.6382848545543487,0.11882931791273355,0.14792176039119803,0.16230717639168343,0.06225989644229163,0.7878973105134475,0.08465226242858082,0.6358359779522298,0.03512407102039552,0.8899614627286855,0.004353388169283773,0.06255779904027584,0.0661671081121814
LBW,MCAR,foreign_born,1.0,B3_pooled,23948,1636,0.06831468181058961,0.637449156812346,0.11714440592758321,0.14547677261613692,0.15315315315315314,0.06489059629196593,0.8147921760391198,0.08500733371596199,0.6547937197260731,0.032573797922204925,0.9126729407167997,0.00425644510970924,0.06258415537139479,0.06631616177152268
LBW,MCAR,foreign_born,1.0,KD_pooled,23948,1636,0.06831468181058961,0.638662623904073,0.11904441919693508,0.152200488997555,0.16285153695225638,0.06384666778019041,0.8062347188264058,0.0854385283067755,0.6446467345916151,0.046277616806356864,0.9152564685868679,0.004681098351825212,0.06252116630174756,0.06549305769871896
LBW,MCAR,foreign_born,1.0,B4_logistic_pooled,23948,1636,0.06831468181058961,0.6097341678494189,0.10795088691796348,0.13508557457212714,0.14597093791281374,0.0632203106731251,0.7915647921760391,0.07970211718365337,0.6784700183731418,0.04787411441253916,0.8294736706969097,0.005666194186007926,0.0629260221662479,0.06538505503343739
LBW,MAR,mracehisp,1.0,T_oracle,50175,2701,0.053831589436970605,0.6745667930209606,0.12942702692389108,0.16808589411329136,0.18321226795803067,0.04938714499252616,0.6508700481303221,0.08298324286051452,0.4222222222222222,0.017840386602508928,0.9835100434427531,0.0027996055023841015,0.04933653233684113,0.05295717575466199
LBW,MAR,mracehisp,1.0,B1_teacher_meanimp,50175,2701,0.053831589436970605,0.6738755672213698,0.1290846204967851,0.16808589411329136,0.1810207336523126,0.049985052316890884,0.6538319141058867,0.08259669800289977,0.42612855007473843,0.019713497970905665,0.9829046938174866,0.0027564034218188777,0.04934768896586774,0.05286599088046024
LBW,MAR,mracehisp,1.0,B2_teacher_iterimp,50175,2701,0.053831589436970605,0.6724315881502714,0.1264985609095344,0.16586449463161793,0.1814499797488862,0.04920777279521674,0.6467974824139208,0.08206501315295002,0.4242750373692078,0.00541957634523994,0.9719497332407203,0.0029679160587541085,0.04940069669403329,0.05356455130289565
LBW,MAR,mracehisp,1.0,B3_pooled,50175,2701,0.053831589436970605,0.6702775924254617,0.12454065843318926,0.1632728619029989,0.18268434134217068,0.04811160936721475,0.640503517215846,0.08248700710437229,0.41799701046337817,0.004763745014965205,1.0173323262429754,0.0029972404538273637,0.04946385864915308,0.05359590153798961
LBW,MAR,mracehisp,1.0,KD_pooled,50175,2701,0.053831589436970605,0.672536846568227,0.1270259682623081,0.16845612736023696,0.18398706025070763,0.0492874937717987,0.6423546834505739,0.08244630298422354,0.419412057797708,0.01601989819656508,0.9881038102426396,0.0028325150609218,0.04940265066277478,0.05304465951233954
LBW,MAR,mracehisp,1.0,B4_logistic_pooled,50175,2701,0.053831589436970605,0.6374362134533095,0.10886182376171565,0.1114402073306183,0.17789598108747046,0.0337219730941704,0.6205109218807849,0.07603665729062699,0.4393024414549078,0.008994453470994328,1.1149556909963871,0.003755102220492303,0.049922507007977984,0.05338229181237215
LBW,MAR,mracehisp,4.0,T_oracle,6195,536,0.08652138821630347,0.5916097854955651,0.12793951775787138,0.1623134328358209,0.15535714285714286,0.0903954802259887,0.9048507462686567,0.0900315574531279,0.8695722356739306,0.09382589838162095,0.7615008551499872,0.010662944257459164,0.07827743883716513,0.0795202731120972
LBW,MAR,mracehisp,4.0,B1_teacher_meanimp,6195,536,0.08652138821630347,0.5908449227620511,0.12671685661976795,0.1623134328358209,0.15343915343915343,0.09152542372881356,0.9067164179104478,0.08983364140480592,0.8732849071832123,0.09297809053270452,0.7517732975443123,0.010656368097420115,0.07832205072332529,0.07958009519457987
LBW,MAR,mracehisp,4.0,B2_teacher_iterimp,6195,536,0.08652138821630347,0.589702573894971,0.12567999784050268,0.16417910447761194,0.14814814814814814,0.09588377723970944,0.914179104477612,0.08843169103049991,0.8944309927360775,0.046511759818433474,0.7492375519394808,0.008541966871918522,0.07833062381529646,0.08298276814857174
LBW,MAR,mracehisp,4.0,B3_pooled,6195,536,0.08652138821630347,0.5898477989096751,0.12482479737032987,0.15485074626865672,0.14638447971781304,0.09152542372881356,0.9552238805970149,0.08926080892608089,0.92590799031477,0.05799514952958285,0.7765826706808836,0.007485334836241022,0.07834329329370181,0.08212322122246345
LBW,MAR,mracehisp,4.0,KD_pooled,6195,536,0.08652138821630347,0.589102552267818,0.1269460509412066,0.15671641791044777,0.15300546448087432,0.08861985472154964,0.9085820895522388,0.0893741971003854,0.8795803066989508,0.08133181989845889,0.7564443693050545,0.00900840837809942,0.07830816415752427,0.08041545249463194
LBW,MAR,mracehisp,4.0,B4_logistic_pooled,6195,536,0.08652138821630347,0.5481489332802325,0.11065665125516806,0.13805970149253732,0.11727416798732171,0.10185633575464084,0.9626865671641791,0.08688331368917326,0.9586763518966909,0.049297379889692565,0.5323510198497374,0.012892251361493728,0.078965977735027,0.08276186885645781
LBW,MAR,mracehisp,2.0,T_oracle,12677,1581,0.12471404906523625,0.6667663943266449,0.2346590594917801,0.5964579380139152,0.19491525423728814,0.38163603376193106,0.9873497786211258,0.12975893599334995,0.9489626883332019,0.012625418546227842,1.0371005812769725,0.0021405696584955083,0.10423676256096269,0.12339998792926539
LBW,MAR,mracehisp,2.0,B1_teacher_meanimp,12677,1581,0.12471404906523625,0.6632564025214709,0.23113300167274087,0.5869702719797596,0.19169593059285273,0.3818726828113907,0.9886148007590133,0.12960199004975123,0.9513291788277983,0.016920586860822935,1.0199423244416164,0.0024767274367258163,0.10445201911821982,0.1229551390605659
LBW,MAR,mracehisp,2.0,B2_teacher_iterimp,12677,1581,0.12471404906523625,0.663141939451316,0.22705319001694635,0.5876027830487034,0.19427017984107067,0.37721858483868426,0.9879822896900696,0.13012329223592137,0.9469117299045515,0.009678557333809202,1.0071918494217194,0.0020349745037027806,0.10454752516277453,0.12370618970855504
LBW,MAR,mracehisp,2.0,B3_pooled,12677,1581,0.12471404906523625,0.6642136056459935,0.22698854125502965,0.5793801391524351,0.1901203819012038,0.38005837343220006,0.9943074003795066,0.12862052037309768,0.9641082274986196,0.018717009352124364,1.0546979083534427,0.004222048531808659,0.10458044007857484,0.12276311561993972
LBW,MAR,mracehisp,2.0,KD_pooled,12677,1581,0.12471404906523625,0.6658209624292073,0.23047683825896387,0.5977229601518027,0.1922294548413344,0.387788909047882,0.989247311827957,0.12966340573702537,0.9514869448607715,0.012775146940125636,1.0440734546628172,0.0024956439154885253,0.10441947445053931,0.12338167621035434
LBW,MAR,mracehisp,2.0,B4_logistic_pooled,12677,1581,0.12471404906523625,0.6369966475089233,0.20785125057411158,0.6280834914611005,0.1712364200724263,0.45744261260550606,0.9911448450347881,0.12621828433346757,0.9793326496805238,0.00940887810374059,0.9368469905359336,0.004107816618125783,0.10591968084813891,0.12372779026017595
LBW,MAR,mracehisp,7.0,T_oracle,27167,1798,0.06618323701549675,0.6375426513339417,0.12208949324227988,0.1557285873192436,0.16676593210244192,0.0618029226635256,0.7797552836484983,0.08314060368854889,0.6207163102293224,0.028966324531998437,0.962905384374033,0.0021945695875323127,0.0605703660386872,0.06445371119027127
LBW,MAR,mracehisp,7.0,B1_teacher_meanimp,27167,1798,0.06618323701549675,0.635880247370831,0.12100467276114188,0.1585094549499444,0.1682408500590319,0.06235506312805978,0.7808676307007787,0.08290033065658951,0.6234033938233887,0.033843912769957026,0.9599228044281012,0.002464787784738266,0.06059974660055748,0.06416614780519646
LBW,MAR,mracehisp,7.0,B2_teacher_iterimp,27167,1798,0.06618323701549675,0.6338564369439881,0.11820941653603792,0.15795328142380421,0.16864608076009502,0.06198696948503699,0.771412680756396,0.08252513833521746,0.6186549858283947,0.017479358524197557,0.9359887423894081,0.003059814523514957,0.060676810348785894,0.06513500785843267
LBW,MAR,mracehisp,7.0,B3_pooled,27167,1798,0.06618323701549675,0.6324653235047145,0.11836165057894293,0.1646273637374861,0.1574468085106383,0.06920160488828359,0.7736373748609566,0.08268933539412673,0.619207126292929,0.012319407213298045,0.9374355648607938,0.0024715338839007422,0.060684579541761874,0.06544210920706552
LBW,MAR,mracehisp,7.0,KD_pooled,27167,1798,0.06618323701549675,0.6344956890139144,0.11962291571061896,0.1518353726362625,0.16125221500295334,0.0623182537637575,0.7847608453837598,0.08290733885657206,0.6264585710604778,0.02409677192137178,0.951762850958067,0.002442397546453174,0.060641199732458156,0.06474066569468057
LBW,MAR,mracehisp,7.0,B4_logistic_pooled,27167,1798,0.06618323701549675,0.6100447385467036,0.10885831080307747,0.12736373748609567,0.16912850812407682,0.04983987926528509,0.8342602892102335,0.07505253677574301,0.7356719549453381,0.011332804474325059,0.9661126260972742,0.002351033179916909,0.060977908503070485,0.06549647209431579
LBW,MAR,mracehisp,6.0,T_oracle,2504,185,0.0738817891373802,0.6403866997657425,0.14265637678979803,0.1945945945945946,0.15789473684210525,0.09105431309904154,0.827027027027027,0.08808290155440414,0.6936900958466453,0.02268089377265465,0.9030027421393335,0.006267065335933711,0.06681933550884936,0.07238874408444694
LBW,MAR,mracehisp,6.0,B1_teacher_meanimp,2504,185,0.0738817891373802,0.6357784692842907,0.1430844932519096,0.2,0.16017316017316016,0.09225239616613419,0.827027027027027,0.08747855917667238,0.6984824281150159,0.030169848425611996,0.8992571640245027,0.006100288361421896,0.06681564684969525,0.07189920187951455
LBW,MAR,mracehisp,6.0,B2_teacher_iterimp,2504,185,0.0738817891373802,0.632352015663788,0.1363371405731974,0.1891891891891892,0.14644351464435146,0.09544728434504793,0.8324324324324325,0.08769931662870159,0.7012779552715654,0.0030562828345741602,0.8518132325176282,0.0053903465428026395,0.06713736307256025,0.07367904537217017
LBW,MAR,mracehisp,6.0,B3_pooled,2504,185,0.0738817891373802,0.6390907077841101,0.1385519505601916,0.17297297297297298,0.15609756097560976,0.08186900958466453,0.8216216216216217,0.09123649459783914,0.6653354632587859,0.07492209742492884,0.9151042925147455,0.005942174427086532,0.06691571924252626,0.06904038295718073
LBW,MAR,mracehisp,6.0,KD_pooled,2504,185,0.0738817891373802,0.6383937624558582,0.13522294925858763,0.1837837837837838,0.1619047619047619,0.08386581469648563,0.827027027027027,0.08869565217391304,0.6888977635782748,0.03638429548502381,0.8898676734446621,0.005423497119802031,0.06696317658671086,0.07149564598626529
LBW,MAR,mracehisp,6.0,B4_logistic_pooled,2504,185,0.0738817891373802,0.5943346969220189,0.12646575198246335,0.14054054054054055,0.1452513966480447,0.07148562300319489,0.8486486486486486,0.08219895287958115,0.762779552715655,0.06902427766622918,0.827303984223782,0.0076319636088466765,0.06747792292544987,0.06937904458155414
LBW,MAR,mage_band,20-34,T_oracle,75144,4925,0.06554082827637603,0.6786280832924231,0.1506044031588611,0.23857868020304568,0.1861533586818758,0.08399872245289045,0.7561421319796955,0.09113155833985905,0.5438092196316405,0.031807014665108505,1.00192449741584,0.0031636814725366316,0.05903557825572236,0.06368472767650407
LBW,MAR,mage_band,20-34,B1_teacher_meanimp,75144,4925,0.06554082827637603,0.677246757298757,0.14960991673248725,0.236751269035533,0.18310301507537688,0.08474395826679443,0.7595939086294416,0.09091792840304275,0.5475753220483338,0.03396481981843616,0.9964993924112765,0.0033571538293963995,0.059075108622272846,0.06356012812926765
LBW,MAR,mage_band,20-34,B2_teacher_iterimp,75144,4925,0.06554082827637603,0.6758343234071967,0.14622315721553536,0.23736040609137055,0.18485135989879822,0.08415841584158416,0.7516751269035533,0.09028607662853938,0.5456590013840094,0.017524071377495086,0.983030268114839,0.0031975117847206683,0.059145447440055905,0.06451245388510261
LBW,MAR,mage_band,20-34,B3_pooled,75144,4925,0.06554082827637603,0.6747548753020193,0.14564420608301987,0.23532994923857867,0.1769195542665242,0.08717928244437347,0.7549238578680203,0.09072054266403143,0.5453928457361865,0.017306435634223204,1.0103797678251867,0.0027546292637977737,0.05918763045638591,0.06452235403809713
LBW,MAR,mage_band,20-34,KD_pooled,75144,4925,0.06554082827637603,0.6761585664226849,0.14781509465872103,0.23939086294416242,0.1836734693877551,0.08542265516874269,0.7528934010152284,0.09077778049795579,0.5435829873309912,0.02778882679834934,0.9948892825458999,0.003363130156624704,0.05913074826859591,0.06391498053591789
LBW,MAR,mage_band,20-34,B4_logistic_pooled,75144,4925,0.06554082827637603,0.6507845382643699,0.1335285655356071,0.2251776649746193,0.16439371479395198,0.08977430001064622,0.7829441624365482,0.08370962139631817,0.6130096880655808,-0.010547504310641219,1.0165861163103191,0.005334029490292551,0.059649930607381246,0.06617315978900182
LBW,MAR,mage_band,35+,T_oracle,21140,1590,0.07521286660359508,0.6823634608888675,0.16728731533118424,0.310062893081761,0.17714696370822852,0.1316461684011353,0.8484276729559749,0.09867602955160559,0.6466887417218543,0.0038359548512450527,0.9129687070840078,0.00427577831215917,0.06690556370267613,0.07495901387937959
LBW,MAR,mage_band,35+,B1_teacher_meanimp,21140,1590,0.07521286660359508,0.6823903874921585,0.16591948256236214,0.3119496855345912,0.17520310844224657,0.1339167455061495,0.8459119496855346,0.09796780537548255,0.6494323557237465,0.004284679573029791,0.9105140042347333,0.0042586796384914295,0.06695385705354609,0.07492932731856078
LBW,MAR,mage_band,35+,B2_teacher_iterimp,21140,1590,0.07521286660359508,0.6817536714439671,0.16285471901683587,0.30880503144654087,0.17215988779803645,0.13491012298959318,0.8528301886792453,0.09811156935098762,0.6537842951750237,-0.018251109482817832,0.9083523424188936,0.004100727017680899,0.06703675028597005,0.07643207664857109
LBW,MAR,mage_band,35+,B3_pooled,21140,1590,0.07521286660359508,0.6792050700509902,0.16080935589539994,0.2949685534591195,0.1783948269303918,0.12436140018921475,0.8490566037735849,0.09784026670531962,0.6526963103122043,0.0032855418194163632,0.9465279720971316,0.0025822830262673116,0.06708732434077927,0.0749941917928424
LBW,MAR,mage_band,35+,KD_pooled,21140,1590,0.07521286660359508,0.6814819765477971,0.1636976245393307,0.3012578616352201,0.1753294289897511,0.12923368022705772,0.8471698113207548,0.09777164839950643,0.6517029328287607,0.0041502941115041155,0.9282301269090802,0.0035143860912587536,0.06698018448458874,0.07493748703528948
LBW,MAR,mage_band,35+,B4_logistic_pooled,21140,1590,0.07521286660359508,0.6547914716337725,0.1461815167217286,0.26352201257861635,0.17228618421052633,0.11504257332071902,0.8006289308176101,0.09281131525226013,0.648817407757805,0.050943772691521165,0.905618585559615,0.0044200868980706675,0.0677028434077766,0.07187190438805019
LBW,MAR,mage_band,<20,T_oracle,3716,366,0.0984930032292788,0.6688691786966805,0.19372804378025818,0.4098360655737705,0.18450184501845018,0.21878363832077502,0.9617486338797814,0.10167533217793183,0.9316469321851453,0.0008231310001042892,1.1542069246683198,0.008333429347844378,0.08547464710514094,0.09842198094914323
LBW,MAR,mage_band,<20,B1_teacher_meanimp,3716,366,0.0984930032292788,0.6658506647092407,0.1894158334312689,0.4016393442622951,0.19291338582677164,0.20505920344456405,0.9617486338797814,0.10185185185185185,0.930032292787944,0.03131638204061597,1.1559421180892633,0.00896964818107341,0.08562237652771272,0.09582121907337131
LBW,MAR,mage_band,<20,B2_teacher_iterimp,3716,366,0.0984930032292788,0.6676955386999429,0.19230836350874592,0.4016393442622951,0.19838056680161945,0.19940796555435952,0.9562841530054644,0.10141987829614604,0.9286867599569429,0.020903406239659444,1.1526043724914623,0.009439614028635416,0.08554036550988929,0.09670373192315261
LBW,MAR,mage_band,<20,B3_pooled,3716,366,0.0984930032292788,0.6655293206100643,0.19616847192356895,0.42349726775956287,0.18787878787878787,0.22201291711517762,0.9672131147540983,0.10272780034822983,0.9273412271259419,0.01774416074565519,1.1761070622102598,0.006680890869895579,0.08535585888185758,0.09697158455597407
LBW,MAR,mage_band,<20,KD_pooled,3716,366,0.0984930032292788,0.6664586901557784,0.19445385451179142,0.40710382513661203,0.18509316770186335,0.2166307857911733,0.9781420765027322,0.10305123776626367,0.9348762109795479,0.010037645095057944,1.1979354002322202,0.00791904616407477,0.08541681050892,0.09762892562258131
LBW,MAR,mage_band,<20,B4_logistic_pooled,3716,366,0.0984930032292788,0.6425821711116547,0.17188122972911718,0.29508196721311475,0.18782608695652173,0.1547362755651238,0.9590163934426229,0.10353982300884956,0.9122712594187298,0.1986143322414837,1.1884852952415934,0.01655782725451312,0.08695360467829046,0.08246940125757286
LBW,MAR,payer_obs,1.0,T_oracle,39562,3285,0.08303422476113442,0.6763853629369385,0.17924146164733726,0.3528158295281583,0.18493697143768947,0.15840958495526009,0.8642313546423136,0.1015706057028371,0.7065112987209949,0.011782288684183687,0.9820595586926544,0.0027849705507034623,0.07302971053367795,0.08217870965409937
LBW,MAR,payer_obs,1.0,B1_teacher_meanimp,39562,3285,0.08303422476113442,0.6740460524673398,0.17724922659508852,0.3485540334855403,0.18226679401464502,0.15878873666649815,0.8648401826484018,0.1012906446092413,0.7089631464536676,0.01696997074427483,0.9716764695166726,0.0028546174210715433,0.0731233002706335,0.0818042089402294
LBW,MAR,payer_obs,1.0,B2_teacher_iterimp,39562,3285,0.08303422476113442,0.672945493933055,0.17310424482770062,0.3497716894977169,0.185024154589372,0.15696880845255548,0.8557077625570776,0.10104241552839684,0.7032000404428492,0.00638764233928322,0.9588317522766784,0.0027834510597517857,0.07323832157032198,0.08256962243895245
LBW,MAR,payer_obs,1.0,B3_pooled,39562,3285,0.08303422476113442,0.6710282907321976,0.17332817007803336,0.35098934550989347,0.1800718413243792,0.1618472271371518,0.8569254185692542,0.10166859289222768,0.6998635053839543,0.014909931935979701,0.9775197937803798,0.001995153902651132,0.07326567283667383,0.08194981863360107
LBW,MAR,payer_obs,1.0,KD_pooled,39562,3285,0.08303422476113442,0.6724115212103187,0.17594064914494764,0.3491628614916286,0.18145862996361337,0.1597745311157171,0.8605783866057839,0.10120283525452853,0.7060815934482584,0.0133373320865054,0.9743881836838567,0.0018237306774275402,0.07317315710315671,0.08206475001773696
LBW,MAR,payer_obs,1.0,B4_logistic_pooled,39562,3285,0.08303422476113442,0.6487839110775793,0.15952246991887975,0.3400304414003044,0.16794466997443994,0.16811586876295434,0.9047184170471841,0.09297378464618657,0.8079975734290481,0.006062035927464351,0.9560211354459901,0.0024620442880172893,0.07390457832714013,0.0825889732696592
LBW,MAR,payer_obs,2.0,T_oracle,52442,3091,0.05894130658632394,0.6724444073462086,0.12570348913256035,0.17437722419928825,0.17403939296092993,0.05905571869875291,0.7246845681009382,0.08456659619450317,0.5050913390030891,0.01985393889537977,0.9815783622668679,0.0034508791035661973,0.0539422561638508,0.05788064322892151
LBW,MAR,payer_obs,2.0,B1_teacher_meanimp,52442,3091,0.05894130658632394,0.6721860195024069,0.12557914234977605,0.17631834357813006,0.17378826530612246,0.059799397429541205,0.7279197670656745,0.08423180592991913,0.5093627245337706,0.020616628532884387,0.9822926687918028,0.0033843942817635125,0.053944041971361704,0.05784015328559705
LBW,MAR,payer_obs,2.0,B2_teacher_iterimp,52442,3091,0.05894130658632394,0.6707331889373436,0.1239127922156161,0.17534778388870917,0.17162761241291957,0.060218908508447425,0.7279197670656745,0.0839020024611254,0.5113649365012776,-0.002180506409834184,0.9695224554442564,0.0030321247819807403,0.053987692309584265,0.05905887189448178
LBW,MAR,payer_obs,2.0,B3_pooled,52442,3091,0.05894130658632394,0.6697401996451633,0.1234140403446482,0.1649951472015529,0.1691542288557214,0.057492086495556996,0.7288903267550955,0.08385439928539526,0.5123374394569239,0.001244159827165097,1.0085968215420444,0.0020511357805588788,0.05400995058567436,0.05887414653527848
LBW,MAR,payer_obs,2.0,KD_pooled,52442,3091,0.05894130658632394,0.6715425360617895,0.12456780492347777,0.17437722419928825,0.17482971132014272,0.058788757103085315,0.7227434487220964,0.08408295381835974,0.5066359025208802,0.014510050980419329,0.9868415133723627,0.002761890138134085,0.0539694293038699,0.05816372762514845
LBW,MAR,payer_obs,2.0,B4_logistic_pooled,52442,3091,0.05894130658632394,0.639383605540911,0.11059840288626302,0.1394370753801359,0.15927568366592756,0.051599862705465085,0.6962148172112584,0.07896957909801475,0.5196407459669731,0.0046710035612482536,1.012955636806622,0.0036385997193961487,0.05444328388401602,0.05868769891793082
LBW,MAR,payer_obs,3.0,T_oracle,4718,283,0.05998304366256889,0.6979902079905664,0.18791660776119093,0.254416961130742,0.2315112540192926,0.06591776176345909,0.6643109540636042,0.09973474801061008,0.3995337007206443,0.13918282639733554,0.9938568912479807,0.008326063326310015,0.05336154410490797,0.05291026628116302
LBW,MAR,payer_obs,3.0,B1_teacher_meanimp,4718,283,0.05998304366256889,0.6968134140171539,0.18035362269164976,0.254416961130742,0.23225806451612904,0.06570580754557016,0.6643109540636042,0.09936575052854123,0.4010173802458669,0.14902500519332257,0.9928152599941035,0.008928947755155757,0.05349721669368483,0.05243157344878374
LBW,MAR,payer_obs,3.0,B2_teacher_iterimp,4718,283,0.05998304366256889,0.6974292987439299,0.17936240201465362,0.24734982332155478,0.2280130293159609,0.06506994489190335,0.6643109540636042,0.09665809768637532,0.4122509537939805,0.1152989866200872,0.9804731214510696,0.007623314468938466,0.053516493874060454,0.05406934040266153
LBW,MAR,payer_obs,3.0,B3_pooled,4718,283,0.05998304366256889,0.6993805299158237,0.17626458811228046,0.2508833922261484,0.2063953488372093,0.07291225095379399,0.6890459363957597,0.09691848906560636,0.4264518863925392,0.07229718119883602,1.0859899828447412,0.004842209783996407,0.0536005957163271,0.05617667539411005
LBW,MAR,payer_obs,3.0,KD_pooled,4718,283,0.05998304366256889,0.6985112799327546,0.1766824737708006,0.2508833922261484,0.2305194805194805,0.06528189910979229,0.6678445229681979,0.09864300626304802,0.40610428147520133,0.12441967078836262,1.0294079611247842,0.006608311900796031,0.05358922474260063,0.05359562318779459
LBW,MAR,payer_obs,3.0,B4_logistic_pooled,4718,283,0.05998304366256889,0.6807199397659957,0.15125195805649422,0.1625441696113074,0.23834196891191708,0.04090716405256464,0.6678445229681979,0.0848294434470377,0.47223399745654937,0.10531512262288835,1.3350594834883809,0.008631300195896988,0.054484170351855744,0.05441632365892099
LBW,MAR,payer_obs,4.0,T_oracle,3278,222,0.0677242220866382,0.6731168341115985,0.17773359725551743,0.21621621621621623,0.20600858369098712,0.07107992678462477,0.7117117117117117,0.09444112372982666,0.5103721781574131,0.11694972371954881,1.0102413717077479,0.00804096238267441,0.06051736632101608,0.06093147384966851
LBW,MAR,payer_obs,4.0,B1_teacher_meanimp,3278,222,0.0677242220866382,0.6734558511390973,0.17641733831851275,0.21171171171171171,0.2017167381974249,0.07107992678462477,0.7162162162162162,0.09464285714285714,0.5125076266015863,0.11946045622107526,1.0095873216314908,0.007817616216336771,0.06054909361539273,0.06079203828819818
LBW,MAR,payer_obs,4.0,B2_teacher_iterimp,3278,222,0.0677242220866382,0.6744198386868544,0.17786935216758656,0.2072072072072072,0.19008264462809918,0.0738255033557047,0.7162162162162162,0.0939161252215003,0.5164734594264796,0.0938946821186756,1.0088036519909283,0.006374150218424196,0.06048887905845101,0.062222419792364474
LBW,MAR,payer_obs,4.0,B3_pooled,3278,222,0.0677242220866382,0.6699035422857412,0.1627545840613969,0.22072072072072071,0.20164609053497942,0.07413056741915802,0.7162162162162162,0.09584086799276673,0.5061012812690665,0.11774536413902863,0.9893448417552233,0.007397452501610295,0.06076562636231335,0.06088258775303473
LBW,MAR,payer_obs,4.0,KD_pooled,3278,222,0.0677242220866382,0.6746645205414838,0.17100849607217458,0.22522522522522523,0.20491803278688525,0.07443563148261134,0.7342342342342343,0.09708159618820726,0.512202562538133,0.11518845751018238,0.992935892520615,0.007543356997584715,0.06062101908069061,0.06103199097339419
LBW,MAR,payer_obs,4.0,B4_logistic_pooled,3278,222,0.0677242220866382,0.6751258784962975,0.14995286144023667,0.1891891891891892,0.20689655172413793,0.06192800488102502,0.7522522522522522,0.09681159420289855,0.5262355094569859,0.1331508793658648,1.177444131045698,0.010889230724960008,0.0612288447962295,0.05995204113791954
LBW,MAR,foreign_born,0.0,T_oracle,75906,5231,0.06891418333201592,0.6935529225413759,0.16648612251094563,0.2999426495889887,0.18683019766611098,0.11063684030247939,0.7868476390747468,0.09647025734777107,0.5620899533633705,0.014379591643052364,0.9981288766989637,0.002991806736276466,0.06138370061121299,0.06803556323581218
LBW,MAR,foreign_born,0.0,B1_teacher_meanimp,75906,5231,0.06891418333201592,0.692401219986128,0.16513629003584834,0.2974574651118333,0.18453510436432638,0.1110847627328538,0.7887593194417893,0.09620182331133857,0.5650277975390615,0.017980107131476863,0.9928245207272199,0.002788965263409609,0.061434969324387724,0.0678168175798366
LBW,MAR,foreign_born,0.0,B2_teacher_iterimp,75906,5231,0.06891418333201592,0.6911660404961119,0.1619676783831338,0.2980309692219461,0.18535251456426108,0.11080810476115195,0.784935958707704,0.09554614418020198,0.5661476036149975,-0.00010087764011696906,0.9854782889976319,0.002339970377993008,0.061507359751635585,0.06892038462785713
LBW,MAR,foreign_born,0.0,B3_pooled,75906,5231,0.06891418333201592,0.6896378633621217,0.16081642365269772,0.2922959281208182,0.18269805233600192,0.11025478881774826,0.7786274134964634,0.09631118467722866,0.5571364582509947,0.008808530995998272,1.0109539279379163,0.0027046376200654796,0.061567178410228664,0.06837299073306238
LBW,MAR,foreign_born,0.0,KD_pooled,75906,5231,0.06891418333201592,0.6911932056972809,0.1634275917598442,0.2984133052953546,0.18458082062196995,0.11141411746107027,0.7811125979736188,0.09617738442707843,0.5596922509419545,0.013375032546018207,0.9964509170214729,0.0026570499420870124,0.06148831898692139,0.06809536630505822
LBW,MAR,foreign_born,0.0,B4_logistic_pooled,75906,5231,0.06891418333201592,0.6663410322817018,0.14637187879931654,0.2714586121200535,0.17264437689969606,0.10835770558322136,0.7981265532402982,0.08922084027866821,0.6164730060864754,0.0020663644954295114,1.0357088025765393,0.004015009410818425,0.06213839141522467,0.06878576599350696
LBW,MAR,foreign_born,1.0,T_oracle,23948,1636,0.06831468181058961,0.6383709036154085,0.12012799811780263,0.1497555012224939,0.1648721399730821,0.06205111073993653,0.7927872860635696,0.08521681997371879,0.6355436779689327,0.05254791790900591,0.9076333996091428,0.004792846292634514,0.06249180388042068,0.06512177147529054
LBW,MAR,foreign_born,1.0,B1_teacher_meanimp,23948,1636,0.06831468181058961,0.6375345072898156,0.11921967768054009,0.152200488997555,0.1654485049833887,0.06284449640888592,0.7946210268948656,0.08479551236057661,0.6401787205612159,0.05463859884851269,0.9053705042836769,0.004871254779702534,0.06251938579313478,0.06499726701271173
LBW,MAR,foreign_born,1.0,B2_teacher_iterimp,23948,1636,0.06831468181058961,0.6369951733626953,0.11891664320739938,0.1497555012224939,0.1643192488262911,0.06225989644229163,0.7885085574572127,0.0847958982449221,0.6352513779856356,0.037414953764849206,0.8917481779062447,0.004191188029565684,0.06255479931565923,0.06602868774815536
LBW,MAR,foreign_born,1.0,B3_pooled,23948,1636,0.06831468181058961,0.6363340119365198,0.11846866577822895,0.15342298288508557,0.15484268969771744,0.0676883247035243,0.8172371638141809,0.0844438830291164,0.6611408050776683,0.02886407714324848,0.9399245620511042,0.0033329253830525914,0.06252897253586669,0.06653899445061946
LBW,MAR,foreign_born,1.0,KD_pooled,23948,1636,0.06831468181058961,0.6378493219301115,0.11890838294327108,0.14853300733496333,0.16441136671177267,0.06171705361616837,0.8037897310513448,0.0847949445447511,0.6475697344245867,0.045659643643490885,0.9184767692381433,0.004502054860126836,0.0625192027125081,0.06552953032864835
LBW,MAR,foreign_born,1.0,B4_logistic_pooled,23948,1636,0.06831468181058961,0.609974165556969,0.10741425548489744,0.1295843520782396,0.14105123087159016,0.06276098212794388,0.7903422982885085,0.07949584998462958,0.6791798897611492,0.04836979540816349,0.825752512784734,0.005881541565551153,0.06294613271192434,0.06535532039980023
LBW,MARx5,mracehisp,1.0,T_oracle,50175,2701,0.053831589436970605,0.6745667930209606,0.12942702692389108,0.16808589411329136,0.18321226795803067,0.04938714499252616,0.6508700481303221,0.08298324286051452,0.4222222222222222,0.017840386602508928,0.9835100434427531,0.0027996055023841015,0.04933653233684113,0.05295717575466199
LBW,MARx5,mracehisp,1.0,B1_teacher_meanimp,50175,2701,0.053831589436970605,0.6725482520980677,0.12766869480541929,0.16549426138467235,0.17731059103530344,0.05024414549078226,0.6560533135875601,0.08205223189479534,0.43041355256601893,0.028551582097485564,0.9843873338586353,0.0024552614262426074,0.049386358066624156,0.05243723155029902
LBW,MARx5,mracehisp,1.0,B2_teacher_iterimp,50175,2701,0.053831589436970605,0.6709448724613767,0.12437405920726527,0.16512402813772678,0.1781150159744409,0.04990533134030892,0.6486486486486487,0.0817698123774853,0.4270254110612855,0.016896491063441377,0.9731126022069987,0.002588502081517376,0.04945047662342408,0.05300234031734475
LBW,MARx5,mracehisp,1.0,B3_pooled,50175,2701,0.053831589436970605,0.6698293882469966,0.12295418491281504,0.15734912995186967,0.18673110720562391,0.04536123567513702,0.6393928174750092,0.08286152960368487,0.4153861484803189,0.008096557737896661,1.008422736551185,0.0028010643059460535,0.04948965400190987,0.05343169652546165
LBW,MARx5,mracehisp,1.0,KD_pooled,50175,2701,0.053831589436970605,0.6718143091773128,0.12555179512245632,0.16105146242132543,0.18147684605757197,0.0477727952167414,0.6364309514994446,0.08250143981570358,0.41526656701544595,0.01614921461276584,0.9837652601957936,0.0028067260234201146,0.04943461374463437,0.05303821908845795
LBW,MARx5,mracehisp,1.0,B4_logistic_pooled,50175,2701,0.053831589436970605,0.6372961340502334,0.10783350983600448,0.1095890410958904,0.17442545668827342,0.03382162431489786,0.6179192891521659,0.07637045849730026,0.43555555555555553,0.006663917185967736,1.116890068028882,0.0038707266159343037,0.0499461217451838,0.053498296914042745
LBW,MARx5,mracehisp,4.0,T_oracle,6195,536,0.08652138821630347,0.5916097854955651,0.12793951775787138,0.1623134328358209,0.15535714285714286,0.0903954802259887,0.9048507462686567,0.0900315574531279,0.8695722356739306,0.09382589838162095,0.7615008551499872,0.010662944257459164,0.07827743883716513,0.0795202731120972
LBW,MARx5,mracehisp,4.0,B1_teacher_meanimp,6195,536,0.08652138821630347,0.5901456667888689,0.12577602954831824,0.17164179104477612,0.1564625850340136,0.09491525423728814,0.9272388059701493,0.09067688378033206,0.8847457627118644,0.08531569348896503,0.7506837310015314,0.010073019333138894,0.07832900443672232,0.0801300571692161
LBW,MARx5,mracehisp,4.0,B2_teacher_iterimp,6195,536,0.08652138821630347,0.5884117031910602,0.12458031205307472,0.16791044776119404,0.14802631578947367,0.09814366424535916,0.9197761194029851,0.08824055843923394,0.9018563357546409,0.047720865447007335,0.7436612423328777,0.00895061783855682,0.07835948133724982,0.08289136468116651
LBW,MARx5,mracehisp,4.0,B3_pooled,6195,536,0.08652138821630347,0.5838343953496345,0.12135266347041931,0.15298507462686567,0.1527001862197393,0.08668280871670703,0.9514925373134329,0.08891213389121339,0.92590799031477,0.053694510570193935,0.7357280082240383,0.007826297205447167,0.07848190496064208,0.08244173827011697
LBW,MARx5,mracehisp,4.0,KD_pooled,6195,536,0.08652138821630347,0.5849965251494779,0.126033757794345,0.15858208955223882,0.16314779270633398,0.0841000807102502,0.9160447761194029,0.0900421786172749,0.880225988700565,0.08285992791737444,0.7550605473242817,0.008434286806004209,0.07831925538283734,0.08030293000495871
LBW,MARx5,mracehisp,4.0,B4_logistic_pooled,6195,536,0.08652138821630347,0.5402841992546545,0.1093653185534679,0.1417910447761194,0.12025316455696203,0.10201775625504439,0.9682835820895522,0.08681833389093342,0.9649717514124294,0.042929068225695234,0.5035782322427207,0.01429089726986433,0.07900716819124069,0.08323722744936314
LBW,MARx5,mracehisp,2.0,T_oracle,12677,1581,0.12471404906523625,0.6667663943266449,0.2346590594917801,0.5964579380139152,0.19491525423728814,0.38163603376193106,0.9873497786211258,0.12975893599334995,0.9489626883332019,0.012625418546227842,1.0371005812769725,0.0021405696584955083,0.10423676256096269,0.12339998792926539
LBW,MARx5,mracehisp,2.0,B1_teacher_meanimp,12677,1581,0.12471404906523625,0.6591514079641672,0.2221538302461904,0.5825426944971537,0.189311408016444,0.3837658752070679,0.9905123339658444,0.12926124638877426,0.9556677447345586,0.03000787006306664,0.9969424430303142,0.004066616392576262,0.10487031538115199,0.12160514131611462
LBW,MARx5,mracehisp,2.0,B2_teacher_iterimp,12677,1581,0.12471404906523625,0.6589434876213434,0.21957238003442775,0.5774826059456041,0.19092429945629444,0.37721858483868426,0.9873497786211258,0.12935034802784223,0.9519602429596907,0.029069031893212655,0.9917687738575828,0.003865011103711414,0.10493375633130965,0.12170174295817088
LBW,MARx5,mracehisp,2.0,B3_pooled,12677,1581,0.12471404906523625,0.657897416007592,0.22068480266421134,0.5901328273244781,0.1881807180314643,0.3911019957403171,0.9911448450347881,0.12833742833742834,0.9631616313007809,0.018279244257218084,1.0209859442300242,0.004032851201330389,0.10497534037697197,0.12280656751084587
LBW,MARx5,mracehisp,2.0,KD_pooled,12677,1581,0.12471404906523625,0.6612245405174186,0.22396044838202417,0.6015180265654649,0.1895177361498605,0.3958349767295101,0.9898798228969007,0.12949937939594539,0.9533012542399621,0.013035589664395756,1.0259994541251771,0.002653896808505087,0.10477432600758624,0.12335267255805867
LBW,MARx5,mracehisp,2.0,B4_logistic_pooled,12677,1581,0.12471404906523625,0.6321234450009509,0.20332082996487,0.6223908918406073,0.1692175408426483,0.45870474086929086,0.9930423782416192,0.1261753596399582,0.9815413741421471,0.014488799122765957,0.9189760091035574,0.004886898327443564,0.10618343687674817,0.12319662538102216
LBW,MARx5,mracehisp,7.0,T_oracle,27167,1798,0.06618323701549675,0.6375426513339417,0.12208949324227988,0.1557285873192436,0.16676593210244192,0.0618029226635256,0.7797552836484983,0.08314060368854889,0.6207163102293224,0.028966324531998437,0.962905384374033,0.0021945695875323127,0.0605703660386872,0.06445371119027127
LBW,MARx5,mracehisp,7.0,B1_teacher_meanimp,27167,1798,0.06618323701549675,0.6320838571735686,0.11876046303766355,0.1546162402669633,0.16439976345357776,0.06224463503515294,0.7775305895439377,0.08217728662120856,0.6262009055103618,0.0452554931743665,0.9402941627776449,0.002972817746550157,0.06068572286982807,0.06349777246870593
LBW,MARx5,mracehisp,7.0,B2_teacher_iterimp,27167,1798,0.06618323701549675,0.6293749639086811,0.11534714028315436,0.15294771968854282,0.1636904761904762,0.06183973202782788,0.7686318131256952,0.08234032411820781,0.6178083704494424,0.03671030889210902,0.9171564514386061,0.0029305886411009796,0.060774158325120606,0.06399783402010827
LBW,MARx5,mracehisp,7.0,B3_pooled,27167,1798,0.06618323701549675,0.6276276617635381,0.11572743921867717,0.15906562847608455,0.15757575757575756,0.06680899620863548,0.7741935483870968,0.08147974713181924,0.6288511797401259,0.009246146517710045,0.9170280445677659,0.0028587860568728258,0.06076669355326261,0.06562607839559433
LBW,MARx5,mracehisp,7.0,KD_pooled,27167,1798,0.06618323701549675,0.6310798334053223,0.1181458619041771,0.14849833147942157,0.1609403254972875,0.06106673537748003,0.7803114571746385,0.08236468239990608,0.627010711525012,0.024130914099198625,0.9491737803291761,0.002427636702071862,0.06069812341845683,0.06473740995234464
LBW,MARx5,mracehisp,7.0,B4_logistic_pooled,27167,1798,0.06618323701549675,0.6052958334975758,0.10634462405130299,0.12736373748609567,0.16912850812407682,0.04983987926528509,0.8331479421579533,0.07460530902933413,0.73909522582545,0.013164297014750286,0.9445170718458273,0.0023329236002780185,0.06104799440745278,0.065385663956832
LBW,MARx5,mracehisp,6.0,T_oracle,2504,185,0.0738817891373802,0.6403866997657425,0.14265637678979803,0.1945945945945946,0.15789473684210525,0.09105431309904154,0.827027027027027,0.08808290155440414,0.6936900958466453,0.02268089377265465,0.9030027421393335,0.006267065335933711,0.06681933550884936,0.07238874408444694
LBW,MARx5,mracehisp,6.0,B1_teacher_meanimp,2504,185,0.0738817891373802,0.6288847709287554,0.1390907817713229,0.20540540540540542,0.16666666666666666,0.09105431309904154,0.8216216216216217,0.08760806916426513,0.6928913738019169,0.04066915466046978,0.8576498313856685,0.005639782342781129,0.06693435921250568,0.07122194023738865
LBW,MARx5,mracehisp,6.0,B2_teacher_iterimp,2504,185,0.0738817891373802,0.6230563033926553,0.1290496445144477,0.1891891891891892,0.15486725663716813,0.0902555910543131,0.8216216216216217,0.0867579908675799,0.6996805111821086,0.01802231869908994,0.8000055965979513,0.0057981829256362515,0.067401309229957,0.07269304959623651
LBW,MARx5,mracehisp,6.0,B3_pooled,2504,185,0.0738817891373802,0.6251203337878629,0.13613693738509144,0.1783783783783784,0.1658291457286432,0.07947284345047924,0.8,0.0899149453219927,0.6573482428115016,0.07135846429810638,0.8271265195372343,0.006752637184865973,0.06713555793831447,0.0692701228885119
LBW,MARx5,mracehisp,6.0,KD_pooled,2504,185,0.0738817891373802,0.6335104833164341,0.13360568897947322,0.2,0.17703349282296652,0.08346645367412141,0.8162162162162162,0.08903301886792453,0.6773162939297125,0.03311960382960361,0.8588922152549534,0.005096066760493991,0.06708271306996497,0.07170816828713603
LBW,MARx5,mracehisp,6.0,B4_logistic_pooled,2504,185,0.0738817891373802,0.5932694661025839,0.12045231257757541,0.13513513513513514,0.13966480446927373,0.07148562300319489,0.8540540540540541,0.08272251308900523,0.762779552715655,0.06601342926534529,0.8030189455938743,0.00803998761096454,0.06761550388144459,0.06956864693970939
LBW,MARx5,mage_band,20-34,T_oracle,75144,4925,0.06554082827637603,0.6786280832924231,0.1506044031588611,0.23857868020304568,0.1861533586818758,0.08399872245289045,0.7561421319796955,0.09113155833985905,0.5438092196316405,0.031807014665108505,1.00192449741584,0.0031636814725366316,0.05903557825572236,0.06368472767650407
LBW,MARx5,mage_band,20-34,B1_teacher_meanimp,75144,4925,0.06554082827637603,0.6750841020005359,0.14771480459994674,0.23472081218274113,0.1804558226662504,0.08524965399765783,0.7597969543147208,0.09035591828850147,0.5511284999467688,0.04414366970969311,0.9932936588865704,0.0038062262973117653,0.059138435472984606,0.06297529118269421
LBW,MARx5,mage_band,20-34,B2_teacher_iterimp,75144,4925,0.06554082827637603,0.6734891369228238,0.1438461615851451,0.23451776649746192,0.1815752240213803,0.08465080379005642,0.7510659898477158,0.08994966320550543,0.5472559352709464,0.0314144821889368,0.9802759911104229,0.0033991671343508527,0.05922311584868562,0.06370609091252528
LBW,MARx5,mage_band,20-34,B3_pooled,75144,4925,0.06554082827637603,0.6722965359354702,0.14297250434710343,0.23553299492385787,0.1792336217552534,0.08612796763547323,0.751269035532995,0.09041370378515749,0.544594378792718,0.019954408842248167,0.9942025428840437,0.0027591616469547185,0.05926783862845995,0.06436766766912745
LBW,MARx5,mage_band,20-34,KD_pooled,75144,4925,0.06554082827637603,0.6744838595249105,0.14654922143883883,0.23573604060913705,0.1817185788073251,0.08502342169700841,0.7488324873096447,0.09074133307088551,0.5408681997231981,0.028970298563563777,0.9932440958955143,0.0030041093361371186,0.059177351744718346,0.06384561646384594
LBW,MARx5,mage_band,20-34,B4_logistic_pooled,75144,4925,0.06554082827637603,0.6496552605579224,0.13172685666067177,0.22477157360406091,0.16353966612498153,0.0900803790056425,0.7815228426395939,0.08346705989504272,0.6136750771851379,-0.012142678852437232,1.016405422363644,0.004802200858634705,0.059701790088752385,0.06626972506196079
LBW,MARx5,mage_band,35+,T_oracle,21140,1590,0.07521286660359508,0.6823634608888675,0.16728731533118424,0.310062893081761,0.17714696370822852,0.1316461684011353,0.8484276729559749,0.09867602955160559,0.6466887417218543,0.0038359548512450527,0.9129687070840078,0.00427577831215917,0.06690556370267613,0.07495901387937959
LBW,MARx5,mage_band,35+,B1_teacher_meanimp,21140,1590,0.07521286660359508,0.6801908668307355,0.160080206773577,0.31257861635220124,0.1720318449290412,0.13666035950804162,0.8509433962264151,0.0977813109778131,0.6545411542100283,0.001206699058819052,0.8957097960504188,0.004636384359894434,0.0671428878818102,0.0751328678431881
LBW,MARx5,mage_band,35+,B2_teacher_iterimp,21140,1590,0.07521286660359508,0.679185912593093,0.1573273376842465,0.30754716981132074,0.16792582417582416,0.13774834437086092,0.8515723270440252,0.09749423963133641,0.6569536423841059,-0.010764763735694448,0.8977287229007543,0.004174452961427991,0.06721150325060614,0.0759308385981874
LBW,MARx5,mage_band,35+,B3_pooled,21140,1590,0.07521286660359508,0.6783557560842222,0.15819476791974516,0.289937106918239,0.17703533026113671,0.12317880794701987,0.8477987421383648,0.09718817591925018,0.6561021759697256,-0.0019606372584105997,0.9307390745424727,0.0030693770346797923,0.06718348380830967,0.07534357927880657
LBW,MARx5,mage_band,35+,KD_pooled,21140,1590,0.07521286660359508,0.6805149190110829,0.16005319146746924,0.2993710691823899,0.17519322782480679,0.12852412488174078,0.8465408805031447,0.09818367495805676,0.6484862819299906,0.0034211257263205342,0.9171886660985414,0.0040047011078769455,0.06711073272906208,0.07498577927234473
LBW,MARx5,mage_band,35+,B4_logistic_pooled,21140,1590,0.07521286660359508,0.6525666168025865,0.14366967473013822,0.259748427672956,0.16926229508196722,0.11542100283822138,0.8031446540880504,0.09367664319248827,0.6448438978240303,0.053755676939172305,0.8959004437379747,0.00477689813858899,0.06780578920017967,0.07168938008092007
LBW,MARx5,mage_band,<20,T_oracle,3716,366,0.0984930032292788,0.6688691786966805,0.19372804378025818,0.4098360655737705,0.18450184501845018,0.21878363832077502,0.9617486338797814,0.10167533217793183,0.9316469321851453,0.0008231310001042892,1.1542069246683198,0.008333429347844378,0.08547464710514094,0.09842198094914323
LBW,MARx5,mage_band,<20,B1_teacher_meanimp,3716,366,0.0984930032292788,0.663429165647174,0.1844409035850066,0.38524590163934425,0.19665271966527198,0.19294940796555435,0.9726775956284153,0.10218140068886337,0.93756727664155,0.08545388461056574,1.1798653394277205,0.010050843588510607,0.08594636381767912,0.09133549717549412
LBW,MARx5,mage_band,<20,B2_teacher_iterimp,3716,366,0.0984930032292788,0.6585665932631923,0.1867001790469662,0.3743169398907104,0.2044776119402985,0.18030139935414424,0.9699453551912568,0.10177752293577981,0.9386437029063509,0.08048236339344089,1.156879644596031,0.008686290245576924,0.08589819125180716,0.09174249149914615
LBW,MARx5,mage_band,<20,B3_pooled,3716,366,0.0984930032292788,0.6553694641546366,0.18488447888455567,0.4180327868852459,0.18500604594921402,0.22255113024757803,0.9836065573770492,0.1020986954055587,0.9488697524219591,0.005685464992809126,1.1737697772648645,0.0067912062836358,0.0858928992864365,0.0980013807802614
LBW,MARx5,mage_band,<20,KD_pooled,3716,366,0.0984930032292788,0.6578757850093794,0.18581982513110218,0.4207650273224044,0.18988902589395806,0.2182454251883746,0.9781420765027322,0.10104431272932543,0.9534445640473628,0.0008958659620126726,1.2059774638273775,0.008568598235471389,0.08587056781479416,0.09841532081192401
LBW,MARx5,mage_band,<20,B4_logistic_pooled,3716,366,0.0984930032292788,0.6368322322812169,0.16257692653637157,0.28688524590163933,0.18485915492957747,0.15285252960172227,0.9644808743169399,0.10376249265138154,0.9155005382131324,0.2122434945751788,1.165284904242111,0.01780001907954919,0.08721053593130286,0.08144720397420231
LBW,MARx5,payer_obs,1.0,T_oracle,39562,3285,0.08303422476113442,0.6763853629369385,0.17924146164733726,0.3528158295281583,0.18493697143768947,0.15840958495526009,0.8642313546423136,0.1015706057028371,0.7065112987209949,0.011782288684183687,0.9820595586926544,0.0027849705507034623,0.07302971053367795,0.08217870965409937
LBW,MARx5,payer_obs,1.0,B1_teacher_meanimp,39562,3285,0.08303422476113442,0.6710539305862733,0.17258562804744895,0.3421613394216134,0.18027265437048917,0.15760072797128558,0.8621004566210045,0.10103460577952195,0.7085081644001819,0.034594325957309005,0.9604495413417034,0.0033122359586274784,0.07329732655769629,0.08054181811744526
LBW,MARx5,payer_obs,1.0,B2_teacher_iterimp,39562,3285,0.08303422476113442,0.6695779711906387,0.168525214516506,0.3400304414003044,0.18248652181016173,0.15471917496587634,0.8550989345509894,0.10099593715169165,0.7030231029776047,0.029437404319491114,0.9488641161593451,0.003403518359697779,0.0734228158060115,0.08090926479515109
LBW,MARx5,payer_obs,1.0,B3_pooled,39562,3285,0.08303422476113442,0.6665467664686764,0.16851219025803726,0.34581430745814307,0.1797752808988764,0.1597239775542187,0.852359208523592,0.10058916510992959,0.7036044689348364,0.01572777811371832,0.9555718211707792,0.0025009250993137558,0.07346376784924066,0.08189022995067856
LBW,MARx5,payer_obs,1.0,KD_pooled,39562,3285,0.08303422476113442,0.6696430756932883,0.17238823370028156,0.34581430745814307,0.1802030456852792,0.15934482584298063,0.8560121765601217,0.10042139847153775,0.7078004145392043,0.013576819044368745,0.969109639790567,0.0023097631041618756,0.07331083649073461,0.08204633413739063
LBW,MARx5,payer_obs,1.0,B4_logistic_pooled,39562,3285,0.08303422476113442,0.6467699301195449,0.1567511181848269,0.33668188736681887,0.16644093303235516,0.16796420807845913,0.9077625570776255,0.0926691320426365,0.8133815277286285,0.007696894600689319,0.9515639488671933,0.0021822361042391925,0.07401648373654769,0.08246873234783916
LBW,MARx5,payer_obs,2.0,T_oracle,52442,3091,0.05894130658632394,0.6724444073462086,0.12570348913256035,0.17437722419928825,0.17403939296092993,0.05905571869875291,0.7246845681009382,0.08456659619450317,0.5050913390030891,0.01985393889537977,0.9815783622668679,0.0034508791035661973,0.0539422561638508,0.05788064322892151
LBW,MARx5,payer_obs,2.0,B1_teacher_meanimp,52442,3091,0.05894130658632394,0.6706575648258623,0.12411206650579204,0.17987706243934,0.17118226600985223,0.06193509019488196,0.7356842445810418,0.08385264943397618,0.5171236794935358,0.021111580009146792,0.9754591495181856,0.0036507964143486435,0.05398587840895444,0.05781374022240843
LBW,MARx5,payer_obs,2.0,B2_teacher_iterimp,52442,3091,0.05894130658632394,0.6688397771236289,0.12236163226632815,0.17793594306049823,0.1679902260232132,0.0624308760154075,0.7282432869621481,0.08318858790051369,0.515979558369246,0.0037988236920174874,0.9640103064621871,0.0032446900039906027,0.05403210878856768,0.058736913469425285
LBW,MARx5,payer_obs,2.0,B3_pooled,52442,3091,0.05894130658632394,0.6683800571272772,0.12118158670223918,0.16628922678744743,0.17104825291181364,0.05730139964150872,0.7272727272727273,0.08396518880962163,0.5105259143434652,0.0008553511859659392,0.9903065715009164,0.002218070772660812,0.05405940647885415,0.0588951422021821
LBW,MARx5,payer_obs,2.0,KD_pooled,52442,3091,0.05894130658632394,0.6701562142019131,0.12258956734760534,0.1740537043028146,0.17564479268690825,0.05840738339498875,0.7198317696538337,0.08475221879404259,0.5006101979329545,0.015116154462073043,0.9775075247307392,0.0030241151039404786,0.054015459976329505,0.058131371757021044
LBW,MARx5,payer_obs,2.0,B4_logistic_pooled,52442,3091,0.05894130658632394,0.6382242609032894,0.10913244588809824,0.13846651569071497,0.15717958134410576,0.05192403035734716,0.6907149789712067,0.07918552036199095,0.5141298958849777,0.004224856083551355,1.0071589805583538,0.0038626086791984536,0.05448316026942358,0.05871183068730967
LBW,MARx5,payer_obs,3.0,T_oracle,4718,283,0.05998304366256889,0.6979902079905664,0.18791660776119093,0.254416961130742,0.2315112540192926,0.06591776176345909,0.6643109540636042,0.09973474801061008,0.3995337007206443,0.13918282639733554,0.9938568912479807,0.008326063326310015,0.05336154410490797,0.05291026628116302
LBW,MARx5,payer_obs,3.0,B1_teacher_meanimp,4718,283,0.05998304366256889,0.696058098724808,0.1750141365668354,0.2332155477031802,0.22602739726027396,0.06189063162356931,0.6607773851590106,0.09894179894179894,0.40059347181008903,0.16729856981101018,0.9942594609501256,0.008767959574556233,0.053649763014562764,0.05155549274814477
LBW,MARx5,payer_obs,3.0,B2_teacher_iterimp,4718,283,0.05998304366256889,0.6954207018536299,0.1706507967537589,0.23674911660777384,0.22039473684210525,0.06443408223823655,0.6713780918727915,0.09849663037843442,0.40885968630775754,0.1385446411755,0.9755812866756547,0.007849704498092039,0.05372480875664949,0.052932852856575355
LBW,MARx5,payer_obs,3.0,B3_pooled,4718,283,0.05998304366256889,0.6997709354994204,0.17568886124947317,0.2579505300353357,0.22324159021406728,0.06930902924968207,0.6925795053003534,0.09655172413793103,0.43026706231454004,0.07720730896171361,1.0962527647178641,0.004431089928414089,0.05360851614179168,0.05592354996279911
LBW,MARx5,payer_obs,3.0,KD_pooled,4718,283,0.05998304366256889,0.7005135028543428,0.1773366376526458,0.24734982332155478,0.22508038585209003,0.06591776176345909,0.6749116607773852,0.09825102880658436,0.4120389995760916,0.12272447564896435,1.0412681077163415,0.006530867270215871,0.053600693002447866,0.053670433153389846
LBW,MARx5,payer_obs,3.0,B4_logistic_pooled,4718,283,0.05998304366256889,0.6777472801080389,0.14682053509397128,0.17314487632508835,0.24378109452736318,0.042602797795676134,0.6819787985865724,0.08596881959910913,0.4758372191606613,0.10005370666995425,1.3321251102027332,0.008242203766954299,0.054590568073134976,0.054678728252602844
LBW,MARx5,payer_obs,4.0,T_oracle,3278,222,0.0677242220866382,0.6731168341115985,0.17773359725551743,0.21621621621621623,0.20600858369098712,0.07107992678462477,0.7117117117117117,0.09444112372982666,0.5103721781574131,0.11694972371954881,1.0102413717077479,0.00804096238267441,0.06051736632101608,0.06093147384966851
LBW,MARx5,payer_obs,4.0,B1_teacher_meanimp,3278,222,0.0677242220866382,0.6720968350549502,0.17646477766660518,0.21621621621621623,0.20253164556962025,0.07230018303843808,0.7117117117117117,0.09316037735849056,0.5173886516168396,0.12406057690575945,1.0130830895525482,0.008299016094742696,0.06059795065565674,0.060532161821186245
LBW,MARx5,payer_obs,4.0,B2_teacher_iterimp,3278,222,0.0677242220866382,0.672636314324796,0.17276132252793272,0.21171171171171171,0.19262295081967212,0.07443563148261134,0.7117117117117117,0.09305064782096584,0.5179987797437462,0.10308451969298407,1.000505235772975,0.006989128137187582,0.06056489903044408,0.06170615379518528
LBW,MARx5,payer_obs,4.0,B3_pooled,3278,222,0.0677242220866382,0.6729524845526154,0.1730614588403888,0.22972972972972974,0.20238095238095238,0.07687614399023796,0.7387387387387387,0.09761904761904762,0.5125076266015863,0.10645135832148402,1.01267908057884,0.007156349317939771,0.06063983220877305,0.061504814784097084
LBW,MARx5,payer_obs,4.0,KD_pooled,3278,222,0.0677242220866382,0.674013018253856,0.17305986567518486,0.21171171171171171,0.19665271966527198,0.07291031116534472,0.7387387387387387,0.09669811320754718,0.5173886516168396,0.11070262920546317,0.9994821861237643,0.007258886533752558,0.060631087396765974,0.061277039985014485
LBW,MARx5,payer_obs,4.0,B4_logistic_pooled,3278,222,0.0677242220866382,0.6734587991132494,0.15389983949705938,0.1891891891891892,0.20192307692307693,0.06345332519829164,0.7612612612612613,0.09591373439273553,0.537522879804759,0.12279911850561703,1.1998345118948237,0.011513223447450836,0.0612311558994105,0.060517227269640025
LBW,MARx5,foreign_born,0.0,T_oracle,75906,5231,0.06891418333201592,0.6935529225413759,0.16648612251094563,0.2999426495889887,0.18683019766611098,0.11063684030247939,0.7868476390747468,0.09647025734777107,0.5620899533633705,0.014379591643052364,0.9981288766989637,0.002991806736276466,0.06138370061121299,0.06803556323581218
LBW,MARx5,foreign_born,0.0,B1_teacher_meanimp,75906,5231,0.06891418333201592,0.689927350060052,0.16154594440504622,0.2947811125979736,0.18285307719672714,0.11109793692198246,0.7883769833683808,0.09563563842122351,0.568097383606039,0.02982152785469343,0.987407575544367,0.0030660137427959864,0.06154434229428447,0.06710108900206219
LBW,MARx5,foreign_born,0.0,B2_teacher_iterimp,75906,5231,0.06891418333201592,0.6884107525562724,0.15840551279677795,0.29363410437774806,0.18266143417766678,0.11078175638289463,0.7845536226342955,0.09509465440137174,0.5685584802255421,0.015619065039000417,0.9809127910248573,0.0031664866406245617,0.0616251513443957,0.06795876470170303
LBW,MARx5,foreign_born,0.0,B3_pooled,75906,5231,0.06891418333201592,0.6874118464810441,0.157610597899013,0.2934429363410438,0.1830431671834009,0.11047875003293547,0.7765245650927165,0.09598298676748582,0.5575316839248544,0.0086232157117064,0.9946230827825634,0.0022256085970287867,0.0616681930762565,0.06838429810243173
LBW,MARx5,foreign_born,0.0,KD_pooled,75906,5231,0.06891418333201592,0.6893120527085509,0.16048047134115934,0.2949722806346779,0.18312366484690246,0.11100571759808184,0.7782450774230548,0.09609120521172639,0.5581376966247728,0.013601955485133642,0.9888858958539453,0.0028645633306261316,0.06157922233405254,0.06808102813572743
LBW,MARx5,foreign_born,0.0,B4_logistic_pooled,75906,5231,0.06891418333201592,0.6649655853579484,0.14386279155695086,0.26782641942267255,0.17023086269744836,0.10842357652886465,0.7958325367998471,0.08921415254055676,0.6147471873106211,0.0024543887517672713,1.031850765388131,0.004540127579090009,0.062219439015301,0.06876157602576817
LBW,MARx5,foreign_born,1.0,T_oracle,23948,1636,0.06831468181058961,0.6383709036154085,0.12012799811780263,0.1497555012224939,0.1648721399730821,0.06205111073993653,0.7927872860635696,0.08521681997371879,0.6355436779689327,0.05254791790900591,0.9076333996091428,0.004792846292634514,0.06249180388042068,0.06512177147529054
LBW,MARx5,foreign_born,1.0,B1_teacher_meanimp,23948,1636,0.06831468181058961,0.6376538965951637,0.11732392115697267,0.15158924205378974,0.1594855305466238,0.06493235343243695,0.8037897310513448,0.08482776415946329,0.6473191915817604,0.056013003831529753,0.8957487428855084,0.005483964771959927,0.06258545032530938,0.06491504960172877
LBW,MARx5,foreign_born,1.0,B2_teacher_iterimp,23948,1636,0.06831468181058961,0.6360824396577192,0.11668436559912918,0.14792176039119803,0.15942028985507245,0.06338733923500918,0.7897310513447433,0.08471020194072909,0.6368799064640054,0.048935933951520065,0.8821284517407936,0.005130577424502944,0.06263224375210426,0.06533799579057013
LBW,MARx5,foreign_born,1.0,B3_pooled,23948,1636,0.06831468181058961,0.6331128977926731,0.11560523634829568,0.14425427872860636,0.15722851432378415,0.06267746784700183,0.815403422982885,0.08393632416787265,0.6636462335059296,0.029924590571863186,0.9184880704670428,0.00398180364970535,0.06263263091769174,0.06647405313875024
LBW,MARx5,foreign_born,1.0,KD_pooled,23948,1636,0.06831468181058961,0.6364657565830134,0.1176487896309808,0.1497555012224939,0.16678012253233493,0.06134123935192918,0.8001222493887531,0.08487874465049929,0.6439786203440788,0.04601661760081648,0.9213568838590682,0.004608285209146183,0.06256202268360765,0.06550621678991124
LBW,MARx5,foreign_born,1.0,B4_logistic_pooled,23948,1636,0.06831468181058961,0.6073815985740347,0.1062629228194398,0.13386308068459657,0.14398422090729784,0.06351261065642225,0.7970660146699267,0.07964817981920352,0.6836479037915484,0.047394298812285816,0.8197662832593716,0.005918396510457177,0.06298199748746089,0.06541211522585128
PTB,MCAR,mracehisp,1.0,T_oracle,50175,3893,0.07758844045839562,0.6683634462705336,0.18470872319706771,0.23118417672745956,0.23578726748755569,0.07607374190333832,0.7094785512458258,0.10631664036337042,0.517767812655705,0.03707890749401498,0.9948788497241307,0.00279648776883191,0.06828213065013453,0.07508913719619391
PTB,MCAR,mracehisp,1.0,B1_teacher_meanimp,50175,3893,0.07758844045839562,0.6673134746722349,0.18465276017406695,0.2301566914975597,0.23591363875724064,0.07569506726457399,0.7117903930131004,0.10592507645259938,0.5213751868460389,0.03868204591182013,0.9934946234937674,0.0029437002025447436,0.068287536611269,0.07498233155328712
PTB,MCAR,mracehisp,1.0,B2_teacher_iterimp,50175,3893,0.07758844045839562,0.665710129726282,0.1792936996763212,0.23067043411250962,0.2390204950758584,0.07487792725460887,0.7056254816337015,0.10585333898501022,0.5172097658196313,0.02461015592728239,0.976497002787181,0.00278963947233822,0.0684064261179763,0.07592306625961032
PTB,MCAR,mracehisp,1.0,B3_pooled,50175,3893,0.07758844045839562,0.6655916315876915,0.1813137826254132,0.22476239404058568,0.2359126449177676,0.07392127553562532,0.7117903930131004,0.10586033007334963,0.5216940707523667,0.035683551065252096,1.0090501904688884,0.003697806885178768,0.06842612220161894,0.07517448125458498
PTB,MCAR,mracehisp,1.0,KD_pooled,50175,3893,0.07758844045839562,0.6667500417064829,0.18258072781448814,0.2301566914975597,0.23848815544317276,0.07487792725460887,0.7128178782430002,0.1065872863453044,0.5188839063278525,0.03776072897720915,0.9902922968745635,0.0033665621150038645,0.06836757899032034,0.07504173121638236
PTB,MCAR,mracehisp,1.0,B4_logistic_pooled,50175,3893,0.07758844045839562,0.6371969789110332,0.16309559179340974,0.2006164911379399,0.2282958199356913,0.06818136522172397,0.6922681736450038,0.09973355044038192,0.538555057299452,0.038156107398020396,1.0588970166274942,0.004544874813323533,0.0691877405297104,0.07497950996060494
PTB,MCAR,mracehisp,4.0,T_oracle,6195,440,0.07102502017756256,0.626279717241924,0.13722825891238993,0.16136363636363638,0.18112244897959184,0.06327683615819209,0.6795454545454546,0.09077109896782028,0.5317191283292978,-0.0513915503005287,0.8854265002988029,0.0048497169539913855,0.06454355482002941,0.07438635715076511
PTB,MCAR,mracehisp,4.0,B1_teacher_meanimp,6195,440,0.07102502017756256,0.6232453992575626,0.13559495158606516,0.16136363636363638,0.17884130982367757,0.06408393866020985,0.6886363636363636,0.09077291791491911,0.5388216303470541,-0.053784350964271845,0.8846754285152983,0.005318504493406432,0.0646249634740865,0.07454686424759271
PTB,MCAR,mracehisp,4.0,B2_teacher_iterimp,6195,440,0.07102502017756256,0.6167425558802623,0.13179184876847225,0.16363636363636364,0.18181818181818182,0.06392251815980629,0.7045454545454546,0.08707865168539326,0.5746569814366425,-0.09668345753067348,0.8537871833887172,0.009280781473571732,0.06476398289801841,0.07746803009786307
PTB,MCAR,mracehisp,4.0,B3_pooled,6195,440,0.07102502017756256,0.6208824342468999,0.13130286288171042,0.16818181818181818,0.18639798488664988,0.06408393866020985,0.6909090909090909,0.08829509148997967,0.5557707828894269,-0.07257451280590718,0.8608928293248044,0.006910436483775918,0.06475950268628881,0.07581482151852176
PTB,MCAR,mracehisp,4.0,KD_pooled,6195,440,0.07102502017756256,0.6239562435826553,0.13512859159247503,0.16136363636363638,0.1806615776081425,0.06343825665859563,0.6818181818181818,0.09033423667570009,0.5360774818401937,-0.057051163270094,0.8665843591935107,0.005685488843696591,0.06464518479238496,0.0747622268996069
PTB,MCAR,mracehisp,4.0,B4_logistic_pooled,6195,440,0.07102502017756256,0.6017289313640313,0.12039478681195392,0.1409090909090909,0.15979381443298968,0.06263115415657788,0.7545454545454545,0.08283433133732535,0.6469733656174335,-0.1023359436517417,0.8146628511621801,0.008459413681064605,0.06520861310727237,0.07789729696660215
PTB,MCAR,mracehisp,2.0,T_oracle,12677,1566,0.123530803817938,0.6810557760750022,0.2584462566190431,0.44316730523627074,0.24479717813051147,0.22363335173937052,0.9693486590038314,0.13198852273715328,0.9072335726118167,0.019077884705606268,1.0220670688597342,0.003026477893856808,0.10174991033972523,0.12159784193447293
PTB,MCAR,mracehisp,2.0,B1_teacher_meanimp,12677,1566,0.123530803817938,0.6803526943315411,0.25790473973133154,0.4450830140485313,0.2462027552101731,0.22331781967342432,0.9693486590038314,0.1318051575931232,0.9084957008756015,0.021142396686551667,1.0203589965746702,0.002750534308454895,0.10177619893645413,0.12138988843093379
PTB,MCAR,mracehisp,2.0,B2_teacher_iterimp,12677,1566,0.123530803817938,0.68040370058873,0.2514200642496394,0.44125159642401024,0.2463458110516934,0.221266861244774,0.9680715197956578,0.13217088055797732,0.9047881991007336,0.01383884906771129,1.0002399510828714,0.0026768001012023317,0.10199872812178488,0.12212838946475005
PTB,MCAR,mracehisp,2.0,B3_pooled,12677,1566,0.123530803817938,0.6761422499282463,0.2559473212432529,0.44763729246487866,0.24391092553931804,0.22670978938234598,0.9693486590038314,0.13151966730202738,0.9104677762877652,0.011322463822813567,1.0206847819511335,0.0031972617570993284,0.1019663220486953,0.12237738383539441
PTB,MCAR,mracehisp,2.0,KD_pooled,12677,1566,0.123530803817938,0.6792217922179222,0.2607957216739334,0.44891443167305234,0.24640729057132843,0.22505324603612842,0.9687100893997446,0.13145580589254766,0.9103100102547922,0.016142204671325877,1.0289227113779333,0.0023171520980598305,0.10170234597957724,0.12189167267502826
PTB,MCAR,mracehisp,2.0,B4_logistic_pooled,12677,1566,0.123530803817938,0.6512034660576491,0.23893596809165718,0.46551724137931033,0.21297107800175286,0.2700165654334622,0.9616858237547893,0.1291705978214255,0.9196970892166917,0.008072895235820726,0.9032631116443731,0.006865073202698395,0.10342623931540068,0.12271064446775222
PTB,MCAR,mracehisp,7.0,T_oracle,27167,2345,0.08631795928884309,0.6440040465513175,0.1654401048746183,0.22899786780383796,0.20606293169608594,0.09592520337173777,0.8136460554371002,0.1036900168469105,0.6773291125262266,0.005427046293507938,0.9207612448857413,0.0031860615629856212,0.07652257003639698,0.08590706505825407
PTB,MCAR,mracehisp,7.0,B1_teacher_meanimp,27167,2345,0.08631795928884309,0.6437123577870172,0.16549346935167641,0.22942430703624733,0.2058936088786835,0.09618286892185372,0.8119402985074626,0.10328180092215894,0.6785806309125041,0.008302222185456174,0.9222679495524371,0.0026868207986111203,0.07651330069895723,0.08569003697510306
PTB,MCAR,mracehisp,7.0,B2_teacher_iterimp,27167,2345,0.08631795928884309,0.6434704735241572,0.16230512404128972,0.23155650319829424,0.2049056603773585,0.09754481540103803,0.8166311300639659,0.10265344411685876,0.6866786910590054,-0.017553300948540632,0.9051263864468098,0.0028975531081003978,0.07665027795570212,0.08765733968273283
PTB,MCAR,mracehisp,7.0,B3_pooled,27167,2345,0.08631795928884309,0.6404392623023905,0.16328732618481295,0.23155650319829424,0.2022346368715084,0.09883314315161777,0.8115138592750533,0.10234484242228675,0.6844333198365664,0.0015721712528511192,0.8987370233108996,0.0030524252276739774,0.07661520646186519,0.08619879030332686
PTB,MCAR,mracehisp,7.0,KD_pooled,27167,2345,0.08631795928884309,0.641557982386833,0.1640702824021525,0.23113006396588487,0.20186219739292366,0.09883314315161777,0.8136460554371002,0.1032188260751961,0.6804210991276181,0.0030674930046077206,0.9035424153542793,0.0031974700927499392,0.076581966642817,0.0860855875337568
PTB,MCAR,mracehisp,7.0,B4_logistic_pooled,27167,2345,0.08631795928884309,0.6193642100626396,0.15460306075728883,0.19914712153518124,0.19613607727845442,0.08764309640372511,0.8349680170575693,0.09636300999064915,0.7479294732579969,0.0009586123424454734,0.8937683343057683,0.003695784486696718,0.07708181192628571,0.08624477235121883
PTB,MCAR,mracehisp,6.0,T_oracle,2504,219,0.08746006389776358,0.6373430053055964,0.1731755863844757,0.2420091324200913,0.21285140562248997,0.0994408945686901,0.771689497716895,0.10317460317460317,0.6541533546325878,0.018116314735125996,0.8459777698736056,0.008452500886521908,0.0773907204707991,0.0860919123569392
PTB,MCAR,mracehisp,6.0,B1_teacher_meanimp,2504,219,0.08746006389776358,0.6362798876932146,0.17350764206137162,0.2420091324200913,0.21370967741935484,0.09904153354632587,0.776255707762557,0.102843315184513,0.6601437699680511,0.021591006861082403,0.844444709759807,0.008146309221267438,0.0774651357453148,0.08582987498473633
PTB,MCAR,mracehisp,6.0,B2_teacher_iterimp,2504,219,0.08746006389776358,0.6381803103424158,0.16759040464763042,0.2465753424657534,0.20930232558139536,0.10303514376996806,0.7899543378995434,0.1028537455410226,0.6717252396166135,-0.005514761600165641,0.8243577837377246,0.007633843587504264,0.07773868213208227,0.08788009266812752
PTB,MCAR,mracehisp,6.0,B3_pooled,2504,219,0.08746006389776358,0.6429483528671203,0.1715616503869999,0.2374429223744292,0.20967741935483872,0.09904153354632587,0.7625570776255708,0.1049654305468259,0.6353833865814696,0.03691960135783736,0.8515376415664581,0.00837007426821913,0.07747174624617542,0.08468860733344669
PTB,MCAR,mracehisp,6.0,KD_pooled,2504,219,0.08746006389776358,0.6418212883306855,0.17271742894396433,0.2328767123287671,0.2056451612903226,0.09904153354632587,0.771689497716895,0.10464396284829722,0.6449680511182109,0.031226444227649613,0.842899940333437,0.007700618599789392,0.07740648026157759,0.0851136475740927
PTB,MCAR,mracehisp,6.0,B4_logistic_pooled,2504,219,0.08746006389776358,0.6137785637920525,0.1590328061066726,0.2100456621004566,0.20909090909090908,0.0878594249201278,0.7123287671232876,0.09968051118210862,0.625,0.08980444064430136,0.8514659063181055,0.010063431180390953,0.07808052997163899,0.08077906323030674
PTB,MCAR,mracehisp,3.0,T_oracle,627,64,0.10207336523125997,0.7163354795737122,0.27448657810575294,0.453125,0.24369747899159663,0.189792663476874,0.9375,0.12958963282937366,0.7384370015948963,-0.03959930218119236,1.1089862646334048,0.011868786697195663,0.08422273960481975,0.10551158493206955
PTB,MCAR,mracehisp,3.0,B1_teacher_meanimp,627,64,0.10207336523125997,0.7147396758436945,0.27563481503317466,0.453125,0.24369747899159663,0.189792663476874,0.921875,0.1271551724137931,0.7400318979266348,-0.03564565016802905,1.1082148460082573,0.011587046368245778,0.08418316318673587,0.1051636565960559
PTB,MCAR,mracehisp,3.0,B2_teacher_iterimp,627,64,0.10207336523125997,0.718125555062167,0.30020643790575074,0.46875,0.24793388429752067,0.19298245614035087,0.921875,0.12910284463894967,0.7288676236044657,-0.05420809072070905,1.1219317263700357,0.011503010414808385,0.08332447553742442,0.10677952621693478
PTB,MCAR,mracehisp,3.0,B3_pooled,627,64,0.10207336523125997,0.717737011545293,0.2849939048240499,0.4375,0.24347826086956523,0.18341307814992025,0.921875,0.11895161290322581,0.7910685805422647,-0.047587093714701725,1.198769496341787,0.013768643787244905,0.08362959377467737,0.10624864209091661
PTB,MCAR,mracehisp,3.0,KD_pooled,627,64,0.10207336523125997,0.717709258436945,0.2867260718178633,0.453125,0.24786324786324787,0.18660287081339713,0.921875,0.12343096234309624,0.7623604465709729,-0.03088762069685434,1.1550403524449169,0.014624511087454483,0.08391688174052479,0.10475863980887286
PTB,MCAR,mracehisp,3.0,B4_logistic_pooled,627,64,0.10207336523125997,0.7122418960923624,0.2724768486381419,0.40625,0.2524271844660194,0.16427432216905902,0.953125,0.12127236580516898,0.8022328548644339,-0.015987633813406787,1.206306707805821,0.01366385705955281,0.08489674120839548,0.10347145744477546
PTB,MCAR,mage_band,20-34,T_oracle,75144,6112,0.08133716597466198,0.661899923565306,0.18240490051864106,0.2344568062827225,0.23057119871279164,0.08270786756094964,0.7452552356020943,0.10592037949958144,0.5722878739486852,0.03146977653525127,0.9832357603119911,0.004313484675247385,0.07156346234477777,0.07911441109362932
PTB,MCAR,mage_band,20-34,B1_teacher_meanimp,75144,6112,0.08133716597466198,0.6608931085492485,0.18268142948558003,0.23478403141361257,0.23115335051546393,0.08261471308421164,0.7462369109947644,0.10550055514433752,0.5753220483338657,0.03390614314998626,0.9819348972260195,0.004915101835398547,0.07156995393319533,0.07894425029605173
PTB,MCAR,mage_band,20-34,B2_teacher_iterimp,75144,6112,0.08133716597466198,0.6599629792204268,0.1767202247512271,0.23511125654450263,0.23028846153846153,0.0830405621207282,0.743946335078534,0.1050770688420031,0.5758676674119024,0.014982443445024378,0.9639629413067654,0.004525074730797718,0.07171016881846158,0.080273509379024
PTB,MCAR,mage_band,20-34,B3_pooled,75144,6112,0.08133716597466198,0.6589468390560504,0.17914692791339973,0.23232984293193717,0.230034019115503,0.08214894070052166,0.7446007853403142,0.10537649347040845,0.5747365059086553,0.030815615119495248,0.9821267972195378,0.00541400381496205,0.07168188919034083,0.07915682202721919
PTB,MCAR,mage_band,20-34,KD_pooled,75144,6112,0.08133716597466198,0.6601983571508532,0.18101260925943596,0.23543848167539266,0.22946898421304418,0.08345310337485362,0.7455824607329843,0.10581678857540927,0.5730996486745449,0.032143330406771,0.9766212985750625,0.005402793319040158,0.07161125668420681,0.07906689922850574
PTB,MCAR,mage_band,20-34,B4_logistic_pooled,75144,6112,0.08133716597466198,0.6351335873654316,0.1647452599163185,0.22365837696335078,0.2082888922748743,0.08733897583306718,0.756217277486911,0.09826306949847992,0.6259581603321622,-0.0010110330464872474,0.9853751924765195,0.005075275227332493,0.07233916551152655,0.08141022052971458
PTB,MCAR,mage_band,35+,T_oracle,21140,2110,0.09981078524124881,0.6841429969641348,0.21657070210512952,0.37109004739336493,0.21957375210319685,0.16868495742667927,0.885781990521327,0.12197350388305161,0.7248344370860927,-0.018817216904577508,0.9631780441774024,0.0034032315186514938,0.08516969903161083,0.10141661779060318
PTB,MCAR,mage_band,35+,B1_teacher_meanimp,21140,2110,0.09981078524124881,0.6832699304913917,0.21598419829052318,0.3706161137440758,0.21929332585530006,0.16868495742667927,0.8872037914691943,0.12170860152135751,0.7275780510879849,-0.01873201144096426,0.9617404976141661,0.003220208452024042,0.08520040542344967,0.10140980376356724
PTB,MCAR,mage_band,35+,B2_teacher_iterimp,21140,2110,0.09981078524124881,0.6819645956870295,0.2128041667308288,0.37156398104265403,0.22228522823929686,0.16684011352885525,0.8914691943127963,0.12071621101270696,0.7370860927152317,-0.038408416285825905,0.9565709903834878,0.003956151859355415,0.08533934558340515,0.10311433423850067
PTB,MCAR,mage_band,35+,B3_pooled,21140,2110,0.09981078524124881,0.680022613334396,0.21372351036164683,0.3706161137440758,0.21716189947236877,0.17034058656575213,0.8909952606635071,0.11936507936507937,0.7450331125827815,-0.03259870463016957,0.9694052180864458,0.003553268238672938,0.0853872179214566,0.10261792305671306
PTB,MCAR,mage_band,35+,KD_pooled,21140,2110,0.09981078524124881,0.6820922688795192,0.21724336010242243,0.37156398104265403,0.22115655853314528,0.16769157994323558,0.8909952606635071,0.12139213533931685,0.7325922421948912,-0.02477339339575623,0.9606253994605207,0.0037130566238661898,0.08524793965620293,0.1019323546301909
PTB,MCAR,mage_band,35+,B4_logistic_pooled,21140,2110,0.09981078524124881,0.6601710444720608,0.20182917616855492,0.33981042654028437,0.2171411265899455,0.15619678334910123,0.8786729857819905,0.1164353450982855,0.7532166508987701,0.023711316305548066,0.9173454441356599,0.005832571949344491,0.08625088517841853,0.09781401596639538
PTB,MCAR,mage_band,<20,T_oracle,3716,357,0.09607104413347686,0.6289078298780065,0.2012667720940259,0.24089635854341737,0.27129337539432175,0.08530678148546825,0.9551820728291317,0.10020570085218924,0.9157696447793326,0.002149771944666996,1.0858255895622173,0.007558778377443276,0.08309732174276366,0.09589094179870421
PTB,MCAR,mage_band,<20,B1_teacher_meanimp,3716,357,0.09607104413347686,0.6313070033014694,0.20274630592987763,0.24089635854341737,0.27564102564102566,0.08396124865446716,0.9551820728291317,0.1,0.9176533907427341,0.0055875549739013335,1.098933103568353,0.007338625161487673,0.08303919028693889,0.0956034984277368
PTB,MCAR,mage_band,<20,B2_teacher_iterimp,3716,357,0.09607104413347686,0.6305664867912035,0.19879989524864758,0.24369747899159663,0.2815533980582524,0.08315392895586653,0.957983193277311,0.09973753280839895,0.9227664155005382,-0.008647172179482404,1.060072943738999,0.007686716090677696,0.08323423676674478,0.09679680117411599
PTB,MCAR,mage_band,<20,B3_pooled,3716,357,0.09607104413347686,0.6309655151134583,0.19880087991615963,0.25210084033613445,0.2735562310030395,0.08853606027987083,0.9523809523809523,0.10032457952198288,0.9120021528525296,0.002903357428735204,1.0790325155715113,0.006954298603264357,0.08309500176825195,0.09582801971080976
PTB,MCAR,mage_band,<20,KD_pooled,3716,357,0.09607104413347686,0.6286030339495132,0.199392361924587,0.24369747899159663,0.2761904761904762,0.08476856835306781,0.9523809523809523,0.10026540843409024,0.91254036598493,0.0061318636520281645,1.0861761194814257,0.007730341886526183,0.08317881525076598,0.09555771138214657
PTB,MCAR,mage_band,<20,B4_logistic_pooled,3716,357,0.09607104413347686,0.6020207428014372,0.18499003957329058,0.1400560224089636,0.29069767441860467,0.04628632938643703,0.7871148459383753,0.10552009012392038,0.7166307857911733,0.23054725157261274,1.1763860178981909,0.01869972753546703,0.08503996035660906,0.07807499348594255
PTB,MCAR,payer_obs,1.0,T_oracle,39562,3871,0.09784641828016784,0.6707751030525428,0.21473934736890454,0.33221389821751485,0.24050869646530765,0.13515494666599262,0.866442779643503,0.11464706887711502,0.7394722208179566,0.010844054648154813,0.9846742297961686,0.003719862142983665,0.0837592601755226,0.09694340908412678
PTB,MCAR,payer_obs,1.0,B1_teacher_meanimp,39562,3871,0.09784641828016784,0.6708566462729721,0.21535472981002926,0.33324722293980885,0.2415278037820633,0.13500328598149738,0.8674761043657969,0.11458013443887126,0.7407866134169152,0.0137908019574535,0.9873021565768401,0.003570207576575247,0.08373627546513197,0.09669917657739019
PTB,MCAR,payer_obs,1.0,B2_teacher_iterimp,39562,3871,0.09784641828016784,0.6705870998234429,0.20959976149674753,0.33273056057866185,0.24110819917633844,0.1350285627622466,0.8667011108240764,0.11454421304199386,0.7403569081441788,-0.0014269704585449891,0.9716834254364335,0.00375069843484067,0.08391304616782619,0.09796564304128637
PTB,MCAR,payer_obs,1.0,B3_pooled,39562,3871,0.09784641828016784,0.6687015811343354,0.2136673985115419,0.3301472487729269,0.23892316320807627,0.13520550022749103,0.8690260914492379,0.11382939126315433,0.7470047014812193,0.009622160624492903,0.9867328085256319,0.0037928244895466434,0.08381685340734918,0.09704342180493865
PTB,MCAR,payer_obs,1.0,KD_pooled,39562,3871,0.09784641828016784,0.6691144832579123,0.2157051778455766,0.3342805476621028,0.24060989215321682,0.13593852686921792,0.8674761043657969,0.11450199474886623,0.7412921490318993,0.010491816621735282,0.9817616486358056,0.0038152686809834876,0.08375082237360668,0.09697230372573874
PTB,MCAR,payer_obs,1.0,B4_logistic_pooled,39562,3871,0.09784641828016784,0.6452704450824541,0.19640626406277817,0.3247222939808835,0.21612792297111416,0.1470097568373692,0.8754843709635753,0.10837517188449362,0.7904302108083514,0.0013151593381631325,0.9309574914100607,0.0067107294667984934,0.08489210236725654,0.09773582714873352
PTB,MCAR,payer_obs,2.0,T_oracle,52442,4116,0.07848670912627284,0.6571132995266558,0.16806606665445095,0.20626822157434402,0.21087928464977646,0.0767705274398383,0.7278911564625851,0.1043793331707487,0.5473284771747836,0.02342470558432075,0.9706316514845237,0.004262486253549532,0.06971805003460044,0.07687207331067895
PTB,MCAR,payer_obs,2.0,B1_teacher_meanimp,52442,4116,0.07848670912627284,0.6553830807424808,0.16703209773000732,0.2052964042759961,0.20983362304444997,0.07678959612524312,0.7293488824101069,0.10373544351912643,0.551828686930323,0.024125113806009086,0.9647570904474023,0.00432991849697738,0.06975416267245574,0.07682404734726678
PTB,MCAR,payer_obs,2.0,B2_teacher_iterimp,52442,4116,0.07848670912627284,0.6533931890017937,0.16295937003249622,0.20748299319727892,0.21270236612702367,0.07656077190038518,0.7274052478134111,0.10267489711934157,0.5560428664047901,0.0034044964220054943,0.9482233818582546,0.0038967573538817965,0.06986720931216567,0.0782503452043105
PTB,MCAR,payer_obs,2.0,B3_pooled,52442,4116,0.07848670912627284,0.6535304421577666,0.16429675622443554,0.206754130223518,0.20970921636274026,0.0773807253727928,0.7257045675413022,0.10323138068083636,0.5517524121887037,0.016414707922392874,0.9636811101921169,0.004696297782103742,0.06988193639835447,0.07735042536598395
PTB,MCAR,payer_obs,2.0,KD_pooled,52442,4116,0.07848670912627284,0.6556890384937061,0.16567964705310298,0.20602526724975703,0.20958971824023728,0.07715190114793487,0.7298347910592808,0.10420063130875161,0.5497311315357919,0.021732726593683752,0.961542404879661,0.00453649962129536,0.06980897441009822,0.07698720044234648
PTB,MCAR,payer_obs,2.0,B4_logistic_pooled,52442,4116,0.07848670912627284,0.6277950229464794,0.15270622212201113,0.1814868804664723,0.20293398533007334,0.07019183097517258,0.7210884353741497,0.09669642275363263,0.5852942298157965,0.020226580092171077,0.9925500963228976,0.0026349373314527467,0.07036769087302996,0.07707707971314053
PTB,MCAR,payer_obs,3.0,T_oracle,4718,321,0.06803730394234846,0.7121763139268702,0.1964199451525511,0.2897196261682243,0.22682926829268293,0.08690122933446376,0.6853582554517134,0.11116725618999494,0.4194573972022043,0.012621242372894267,0.9389853038369765,0.004403183575890673,0.05956206527268701,0.06729109805298851
PTB,MCAR,payer_obs,3.0,B1_teacher_meanimp,4718,321,0.06803730394234846,0.7102945437876435,0.19922795939337684,0.2897196261682243,0.22962962962962963,0.08584145824501907,0.6822429906542056,0.1104944500504541,0.42009325985587115,0.01745855256764128,0.9371931473907409,0.004729956511623182,0.05954841808575432,0.06700622508698129
PTB,MCAR,payer_obs,3.0,B2_teacher_iterimp,4718,321,0.06803730394234846,0.709012162781619,0.19161833030198328,0.2834890965732087,0.22524752475247525,0.08562950402713014,0.6884735202492211,0.11000497760079642,0.4258160237388724,-0.014271566246634644,0.9193863774212315,0.005057956375605298,0.05973681364602499,0.06888877305522716
PTB,MCAR,payer_obs,3.0,B3_pooled,4718,321,0.06803730394234846,0.7065852035903835,0.18972775634580108,0.2803738317757009,0.22842639593908629,0.08350996184824078,0.6915887850467289,0.10652591170825336,0.4417125900805426,-0.004254381242860972,0.983117043036959,0.0036482235447272246,0.05985033422604224,0.0682928131121421
PTB,MCAR,payer_obs,3.0,KD_pooled,4718,321,0.06803730394234846,0.7075795802433973,0.19566104405722695,0.2866043613707165,0.23232323232323232,0.08393387028401865,0.67601246105919,0.10855427713856929,0.423696481559983,0.014876780938274636,0.943376630052155,0.004778084884717491,0.05972945044000359,0.06715497105698118
PTB,MCAR,payer_obs,3.0,B4_logistic_pooled,4718,321,0.06803730394234846,0.6753578090981035,0.16344729585374612,0.19626168224299065,0.2342007434944238,0.05701568461212378,0.632398753894081,0.10896403650026838,0.3948707079270877,0.02473914174298088,1.1832113297557003,0.008339548408078663,0.061006907367601636,0.06652883591268689
PTB,MCAR,payer_obs,4.0,T_oracle,3278,271,0.08267236119585113,0.6652405150589584,0.20771801763194628,0.2730627306273063,0.23492063492063492,0.09609517998779744,0.7195571955719557,0.10875627440044618,0.5469798657718121,0.04208712506580598,1.0122389228142794,0.00660630071785087,0.07199214296072787,0.07967404749181473
PTB,MCAR,payer_obs,4.0,B1_teacher_meanimp,3278,271,0.08267236119585113,0.6643937822816871,0.20799890873759014,0.2767527675276753,0.23961661341853036,0.09548505186089079,0.7195571955719557,0.10863509749303621,0.5475899938987188,0.044145169468613216,1.0115381727840331,0.007142639201609158,0.07199239010523434,0.07952950313158687
PTB,MCAR,payer_obs,4.0,B2_teacher_iterimp,3278,271,0.08267236119585113,0.6645582202413312,0.19967095352438569,0.2767527675276753,0.23809523809523808,0.09609517998779744,0.7380073800738007,0.1095890410958904,0.5567419158023185,0.01585645746589444,0.986716091197233,0.005599451466476953,0.07211064830103997,0.08153383870162129
PTB,MCAR,payer_obs,4.0,B3_pooled,3278,271,0.08267236119585113,0.659119496083554,0.19486352329216255,0.2693726937269373,0.24172185430463577,0.0921293471629042,0.7306273062730627,0.11282051282051282,0.5353874313605858,0.06597273767775962,0.9514651175271722,0.008588922411437747,0.07237521499904427,0.07802065171587678
PTB,MCAR,payer_obs,4.0,KD_pooled,3278,271,0.08267236119585113,0.6631881084357901,0.20231080207751906,0.28044280442804426,0.24437299035369775,0.09487492373398414,0.7306273062730627,0.11073825503355705,0.5454545454545454,0.044072853355678517,0.9862435049971825,0.00778059047557546,0.07209102383986546,0.07953853232552761
PTB,MCAR,payer_obs,4.0,B4_logistic_pooled,3278,271,0.08267236119585113,0.6529131902559464,0.1834024599819791,0.24723247232472326,0.24723247232472326,0.08267236119585113,0.7269372693726938,0.10974930362116991,0.5475899938987188,0.07814475185394967,1.0784177976771774,0.006540071028536317,0.0728041705240676,0.07712645790038614
PTB,MCAR,foreign_born,0.0,T_oracle,75906,6707,0.08835928648591679,0.6737464003553943,0.20107646958764513,0.28432980468167585,0.23439036381514258,0.10718520275077069,0.8009542269270911,0.11224873584353713,0.6304903433193687,0.028636147155350268,0.9807675128764441,0.0033321033678365337,0.07658503255350735,0.08619282637064542
PTB,MCAR,foreign_born,0.0,B1_teacher_meanimp,75906,6707,0.08835928648591679,0.6726648417172063,0.20091095271431977,0.2841807067243179,0.2348158186522114,0.10693489315732617,0.8011033248844491,0.11179310057841954,0.6331778779016152,0.030793621188491053,0.9788404322019645,0.003527010814311595,0.07659975372588583,0.08603117952324457
PTB,MCAR,foreign_born,0.0,B2_teacher_iterimp,75906,6707,0.08835928648591679,0.6718135447165554,0.1964616609525182,0.2849261965111078,0.23569314257523433,0.10681632545516824,0.8006560310123751,0.11131840796019901,0.6355228835665164,0.01208138832835637,0.9664515912551768,0.002749848805165987,0.07671839414478217,0.0874402691112263
PTB,MCAR,foreign_born,0.0,B3_pooled,75906,6707,0.08835928648591679,0.6711793445892182,0.19864154899945458,0.28164604144923217,0.23398984268549486,0.10635522883566516,0.8009542269270911,0.1118630656143931,0.6326640845255974,0.02665443245331032,0.9820880970887853,0.0034652136953607026,0.07671211534693123,0.08633731868468499
PTB,MCAR,foreign_born,0.0,KD_pooled,75906,6707,0.08835928648591679,0.6723220967574706,0.20071744742601827,0.28447890263903386,0.2342829076620825,0.10729059626379997,0.8027434024153869,0.11241726348318126,0.6309514399388718,0.027605884936734618,0.976240647280444,0.003379432783912533,0.07663089528286576,0.08626896074287697
PTB,MCAR,foreign_born,0.0,B4_logistic_pooled,75906,6707,0.08835928648591679,0.6452143713038753,0.18168189597663997,0.26464887431042194,0.2158579593822206,0.10833135720496403,0.8003578350976591,0.10514563296965898,0.6725818775854346,0.02053877397949213,0.9775682486839821,0.0034350207943650885,0.07759368724189655,0.08678442815188502
PTB,MCAR,foreign_born,1.0,T_oracle,23948,1857,0.07754300985468515,0.6495824158294471,0.15652099890920335,0.2105546580506193,0.20102827763496145,0.08121763821613497,0.7436725901992461,0.10026864154505191,0.5751210957073659,-0.019687327354453606,0.9421390525773721,0.0025851329962690143,0.06935310486153454,0.07891190768520662
PTB,MCAR,foreign_born,1.0,B1_teacher_meanimp,23948,1857,0.07754300985468515,0.649562743931835,0.15691146888134078,0.21163166397415187,0.20133196721311475,0.0815099381994321,0.7479806138933764,0.10020199105468186,0.5788374812092868,-0.018667721871402372,0.9430886123512525,0.002404628602741156,0.06934494675624224,0.07884075374148285
PTB,MCAR,foreign_born,1.0,B2_teacher_iterimp,23948,1857,0.07754300985468515,0.6478885971906434,0.1512236476446513,0.21217016693591814,0.20153452685421994,0.08163520962084517,0.7479806138933764,0.09944870050834109,0.5832219809587439,-0.03918429974544188,0.9172497159747718,0.0026837410128880117,0.06954199605080699,0.08028576539915439
PTB,MCAR,foreign_born,1.0,B3_pooled,23948,1857,0.07754300985468515,0.6441529599002628,0.15210556697575364,0.2148626817447496,0.19811320754716982,0.08409888090863538,0.7469036079698438,0.09757298628209637,0.593577751795557,-0.030360095105894543,0.9292012074557875,0.003330036263586892,0.06951504949239794,0.07966603541111592
PTB,MCAR,foreign_born,1.0,KD_pooled,23948,1857,0.07754300985468515,0.6467827537765594,0.15396254557883976,0.2143241787829833,0.20192795535261288,0.08230332386838149,0.7436725901992461,0.09893967617137125,0.5828461666945047,-0.020095830957263177,0.9295132204660952,0.0034919604890938116,0.06943693550982778,0.07894112646850122
PTB,MCAR,foreign_born,1.0,B4_logistic_pooled,23948,1857,0.07754300985468515,0.627503514066394,0.14578923144819914,0.19063004846526657,0.19732441471571907,0.07491231000501086,0.7404415724286484,0.09505703422053231,0.6040170369133122,-0.010774775497040086,0.9161128503219953,0.0035779790658747404,0.06982438375956547,0.07829333037158297
PTB,MAR,mracehisp,1.0,T_oracle,50175,3893,0.07758844045839562,0.6683634462705336,0.18470872319706771,0.23118417672745956,0.23578726748755569,0.07607374190333832,0.7094785512458258,0.10631664036337042,0.517767812655705,0.03707890749401498,0.9948788497241307,0.00279648776883191,0.06828213065013453,0.07508913719619391
PTB,MAR,mracehisp,1.0,B1_teacher_meanimp,50175,3893,0.07758844045839562,0.6677587230819744,0.1844872861218406,0.23169791934240946,0.23471246422066094,0.07659192825112107,0.7110197790906756,0.1060130218307162,0.5203786746387643,0.038194954440079594,0.9942143834644722,0.002845875161863895,0.06829174413848658,0.07501475861057633
PTB,MAR,mracehisp,1.0,B2_teacher_iterimp,50175,3893,0.07758844045839562,0.6660144130545016,0.17880578642513362,0.2314410480349345,0.23660714285714285,0.0758943697060289,0.7048548677112767,0.10621250241919876,0.5148978574987544,0.023277421162211823,0.9769972715428363,0.00283660330953334,0.06841784985086898,0.0760123514967387
PTB,MAR,mracehisp,1.0,B3_pooled,50175,3893,0.07758844045839562,0.6653141054560783,0.18034403288428225,0.2263036218854354,0.23855943677227187,0.07360239162929746,0.7125610069355253,0.10617369005243618,0.5207174887892376,0.03529910479849782,1.0022115732000367,0.0037428570201199604,0.06844601173839986,0.0752012259576026
PTB,MAR,mracehisp,1.0,KD_pooled,50175,3893,0.07758844045839562,0.6671990975082306,0.18260914659535046,0.23272540457230928,0.23748361730013107,0.07603388141504733,0.7102491651682507,0.1066867307172898,0.5165321375186847,0.038062034007315435,0.9901284913783368,0.0032341447598137393,0.06835601771848947,0.0750226647398694
PTB,MAR,mracehisp,1.0,B4_logistic_pooled,50175,3893,0.07758844045839562,0.6382093178249117,0.1632997522476432,0.20292833290521448,0.23005241700640652,0.06844045839561534,0.6981762137169278,0.09959327250742003,0.543916292974589,0.03602873513284776,1.0645325813306863,0.004677160457089978,0.06917790781378585,0.07512241947102279
PTB,MAR,mracehisp,4.0,T_oracle,6195,440,0.07102502017756256,0.626279717241924,0.13722825891238993,0.16136363636363638,0.18112244897959184,0.06327683615819209,0.6795454545454546,0.09077109896782028,0.5317191283292978,-0.0513915503005287,0.8854265002988029,0.0048497169539913855,0.06454355482002941,0.07438635715076511
PTB,MAR,mracehisp,4.0,B1_teacher_meanimp,6195,440,0.07102502017756256,0.6239574283231972,0.1354189919851653,0.16363636363636364,0.18,0.0645682001614205,0.6863636363636364,0.09036505086774387,0.5394673123486683,-0.05404498859215361,0.8852516073307042,0.0049066252638482275,0.06459762724965624,0.07456384128993847
PTB,MAR,mracehisp,4.0,B2_teacher_iterimp,6195,440,0.07102502017756256,0.6185226285443488,0.13232082941773327,0.16590909090909092,0.18295739348370926,0.06440677966101695,0.7068181818181818,0.08763031839954917,0.5728813559322034,-0.09776590427531877,0.8641312543277551,0.008741625068111993,0.06472457035274173,0.07754205473511354
PTB,MAR,mracehisp,4.0,B3_pooled,6195,440,0.07102502017756256,0.6204596793302266,0.1325284694268997,0.17045454545454544,0.1893939393939394,0.06392251815980629,0.6954545454545454,0.08760377898654452,0.5638418079096045,-0.07566016275110635,0.8725753738512539,0.006530919778832445,0.06470383220438956,0.07602417517518043
PTB,MAR,mracehisp,4.0,KD_pooled,6195,440,0.07102502017756256,0.6257414501224232,0.13666497338307868,0.16363636363636364,0.1836734693877551,0.06327683615819209,0.6840909090909091,0.09017375674056322,0.5388216303470541,-0.06053395581913467,0.8869466006315813,0.005220270678565291,0.06458789062969311,0.07499625856132508
PTB,MAR,mracehisp,4.0,B4_logistic_pooled,6195,440,0.07102502017756256,0.6044167127399099,0.12038698116300854,0.1340909090909091,0.15567282321899736,0.06117836965294592,0.7272727272727273,0.08503853308530428,0.6074253430185633,-0.07890657885148818,0.8224695656856755,0.007052418309042367,0.06515435924961946,0.0762708231211699
PTB,MAR,mracehisp,2.0,T_oracle,12677,1566,0.123530803817938,0.6810557760750022,0.2584462566190431,0.44316730523627074,0.24479717813051147,0.22363335173937052,0.9693486590038314,0.13198852273715328,0.9072335726118167,0.019077884705606268,1.0220670688597342,0.003026477893856808,0.10174991033972523,0.12159784193447293
PTB,MAR,mracehisp,2.0,B1_teacher_meanimp,12677,1566,0.123530803817938,0.6797529469547569,0.25844782363133234,0.4438058748403576,0.24601769911504426,0.22284452157450502,0.9712643678160919,0.1319968758135902,0.9089689989745208,0.023842503976613177,1.021540592774758,0.0030679231895918346,0.10176296013877383,0.1211184720800076
PTB,MAR,mracehisp,2.0,B2_teacher_iterimp,12677,1566,0.123530803817938,0.6795593818007146,0.25149295881915823,0.44061302681992337,0.24642857142857144,0.22087244616234125,0.9680715197956578,0.132343954604976,0.9036049538534353,0.016934131090065047,0.9998420172944392,0.002835068122707868,0.10200015697713155,0.12181640522316477
PTB,MAR,mracehisp,2.0,B3_pooled,12677,1566,0.123530803817938,0.6781837645962666,0.2569172120739554,0.4425287356321839,0.24180041870202373,0.22607872525045358,0.9674329501915708,0.13151041666666666,0.9087323499250611,0.014111636281282652,1.0330768014565685,0.0032730499709894708,0.10190066361873623,0.12209378198753194
PTB,MAR,mracehisp,2.0,KD_pooled,12677,1566,0.123530803817938,0.6798392696570643,0.25964416446824734,0.44699872286079184,0.24475524475524477,0.22560542715153428,0.9680715197956578,0.13158579984376356,0.9088112329415476,0.0171282759744643,1.0266370230321973,0.0028532409259599814,0.10173983843928522,0.12179227895648005
PTB,MAR,mracehisp,2.0,B4_logistic_pooled,12677,1566,0.123530803817938,0.6516369761398764,0.24008366634570008,0.4719029374201788,0.212051649928264,0.2749073124556283,0.9623243933588761,0.1287814048880533,0.9230890589256133,0.0017774355042004615,0.9110202934643706,0.006649916244168001,0.10336295702705568,0.1233497371563445
PTB,MAR,mracehisp,7.0,T_oracle,27167,2345,0.08631795928884309,0.6440040465513175,0.1654401048746183,0.22899786780383796,0.20606293169608594,0.09592520337173777,0.8136460554371002,0.1036900168469105,0.6773291125262266,0.005427046293507938,0.9207612448857413,0.0031860615629856212,0.07652257003639698,0.08590706505825407
PTB,MAR,mracehisp,7.0,B1_teacher_meanimp,27167,2345,0.08631795928884309,0.6418646691952029,0.16482096246382505,0.22686567164179106,0.205009633911368,0.09552030036441271,0.8136460554371002,0.10358868559639503,0.6779916810836677,0.01096871464767067,0.9158450174693491,0.0032967245591263078,0.07655689910677914,0.08548903580334434
PTB,MAR,mracehisp,7.0,B2_teacher_iterimp,27167,2345,0.08631795928884309,0.6411416449298107,0.16172123089925436,0.2302771855010661,0.20501138952164008,0.09695586557220157,0.8132196162046909,0.10282540709586972,0.682666470350057,-0.013619181734502248,0.8978989825200504,0.0030140730989502876,0.07669029889511916,0.08735586833907215
PTB,MAR,mracehisp,7.0,B3_pooled,27167,2345,0.08631795928884309,0.6361661254142286,0.16047027137785463,0.23070362473347547,0.19941024695908588,0.09986380535208157,0.8051172707889126,0.10167483440142172,0.6835130857290095,-1.2414121581557347e-05,0.8754575574360645,0.004377221763396115,0.07674942317884093,0.08631890046834723
PTB,MAR,mracehisp,7.0,KD_pooled,27167,2345,0.08631795928884309,0.6394670351409497,0.16250241830524312,0.22899786780383796,0.20082273747195215,0.0984282401442927,0.8110874200426439,0.1030001083071591,0.6797217212058748,0.003250915587708197,0.8925460199511329,0.0034109156357046456,0.07665982641876727,0.08607172572718691
PTB,MAR,mracehisp,7.0,B4_logistic_pooled,27167,2345,0.08631795928884309,0.6184839812127594,0.15363605945840692,0.19701492537313434,0.19543147208121828,0.08701733721058637,0.8392324093816631,0.09665537056136732,0.7494754665586926,0.003210751448658936,0.8910106778227581,0.003025328218443756,0.0771146625710158,0.08607298085870321
PTB,MAR,mracehisp,6.0,T_oracle,2504,219,0.08746006389776358,0.6373430053055964,0.1731755863844757,0.2420091324200913,0.21285140562248997,0.0994408945686901,0.771689497716895,0.10317460317460317,0.6541533546325878,0.018116314735125996,0.8459777698736056,0.008452500886521908,0.0773907204707991,0.0860919123569392
PTB,MAR,mracehisp,6.0,B1_teacher_meanimp,2504,219,0.08746006389776358,0.6336380803932736,0.16927193816731825,0.2420091324200913,0.21285140562248997,0.0994408945686901,0.776255707762557,0.10340632603406326,0.6565495207667732,0.02298890415723298,0.829180538173011,0.00847932676559507,0.07754020663232798,0.0857252886699193
PTB,MAR,mracehisp,6.0,B2_teacher_iterimp,2504,219,0.08746006389776358,0.6354345892908886,0.16548301478292896,0.2511415525114155,0.210727969348659,0.1042332268370607,0.7945205479452054,0.10419161676646707,0.6669329073482428,-0.004253389615725157,0.816704533054523,0.007749139739653425,0.07780760331780673,0.08778394225845387
PTB,MAR,mracehisp,6.0,B3_pooled,2504,219,0.08746006389776358,0.6353346722220558,0.1695345242409349,0.2420091324200913,0.212,0.09984025559105432,0.7671232876712328,0.10300429184549356,0.6513578274760383,0.03149036147522742,0.83349688096126,0.00861554202656149,0.07753034183267359,0.08509112631641443
PTB,MAR,mracehisp,6.0,KD_pooled,2504,219,0.08746006389776358,0.6368134448407821,0.17096962689623693,0.2511415525114155,0.21825396825396826,0.10063897763578275,0.771689497716895,0.10451453308596166,0.6457667731629393,0.032267069912786675,0.841659208092976,0.0073584509961252716,0.07747564394754358,0.08503599383967415
PTB,MAR,mracehisp,6.0,B4_logistic_pooled,2504,219,0.08746006389776358,0.6101835476554459,0.16003966016959872,0.1963470319634703,0.2107843137254902,0.08146964856230032,0.6712328767123288,0.10337552742616034,0.5678913738019169,0.13321472910832777,0.8494320680122713,0.012428285127743445,0.07808124710334555,0.07771378814101812
PTB,MAR,mracehisp,3.0,T_oracle,627,64,0.10207336523125997,0.7163354795737122,0.27448657810575294,0.453125,0.24369747899159663,0.189792663476874,0.9375,0.12958963282937366,0.7384370015948963,-0.03959930218119236,1.1089862646334048,0.011868786697195663,0.08422273960481975,0.10551158493206955
PTB,MAR,mracehisp,3.0,B1_teacher_meanimp,627,64,0.10207336523125997,0.715863676731794,0.27267419623335915,0.453125,0.24369747899159663,0.189792663476874,0.9375,0.1301518438177874,0.7352472089314195,-0.028909239832057315,1.1148442067742579,0.010632921021348132,0.08436628972739543,0.10457721927380381
PTB,MAR,mracehisp,3.0,B2_teacher_iterimp,627,64,0.10207336523125997,0.7203041740674956,0.2950391707293882,0.46875,0.25,0.19138755980861244,0.9375,0.13129102844638948,0.7288676236044657,-0.04537275838019263,1.1244273591885976,0.01096520093947984,0.08363363108618291,0.10600634838058992
PTB,MAR,mracehisp,3.0,B3_pooled,627,64,0.10207336523125997,0.7174178507992894,0.28324455074557153,0.4375,0.24778761061946902,0.18022328548644337,0.9375,0.12072434607645875,0.7926634768740032,-0.04447485819015778,1.198737106632981,0.012899028881169967,0.08373616973951771,0.10597303071921292
PTB,MAR,mracehisp,3.0,KD_pooled,627,64,0.10207336523125997,0.7183614564831261,0.272007577204224,0.453125,0.2457627118644068,0.18819776714513556,0.890625,0.12101910828025478,0.7511961722488039,-0.02837153320059808,1.1442217055180768,0.011867468450186701,0.08437946837743812,0.10453982692811932
PTB,MAR,mracehisp,3.0,B4_logistic_pooled,627,64,0.10207336523125997,0.7108681172291297,0.26131909274997167,0.4375,0.21875,0.20414673046251994,0.953125,0.11192660550458716,0.8692185007974481,-0.10352313167982687,1.198585016150355,0.013517070617021792,0.08520522953889159,0.11142807963423502
PTB,MAR,mage_band,20-34,T_oracle,75144,6112,0.08133716597466198,0.661899923565306,0.18240490051864106,0.2344568062827225,0.23057119871279164,0.08270786756094964,0.7452552356020943,0.10592037949958144,0.5722878739486852,0.03146977653525127,0.9832357603119911,0.004313484675247385,0.07156346234477777,0.07911441109362932
PTB,MAR,mage_band,20-34,B1_teacher_meanimp,75144,6112,0.08133716597466198,0.6603704463697389,0.18202818020251915,0.23527486910994763,0.23033797853596027,0.08308048546790163,0.7467277486910995,0.10566282354030652,0.5748163526030022,0.03385520454959503,0.9806320908169723,0.0050546351182710406,0.07158913234149628,0.07894758875423673
PTB,MAR,mage_band,20-34,B2_teacher_iterimp,75144,6112,0.08133716597466198,0.659376237901885,0.1761909642646794,0.23642015706806283,0.23035230352303523,0.0834797189396359,0.743128272251309,0.1054244133416893,0.5733391887575854,0.014804961683490755,0.9631096033766992,0.0047495842686493366,0.07172628877522842,0.08028585140754498
PTB,MAR,mage_band,20-34,B3_pooled,75144,6112,0.08133716597466198,0.6573890759327642,0.1780172039191945,0.23298429319371727,0.22934449991947173,0.08262802086660279,0.7418193717277487,0.10482994612841322,0.5755748961992974,0.030188454693152823,0.9756040277430443,0.006102198328132669,0.07171737519555063,0.0792008843260489
PTB,MAR,mage_band,20-34,KD_pooled,75144,6112,0.08133716597466198,0.6597766812674781,0.18030840112506313,0.23707460732984292,0.22985406091370558,0.08389226019376131,0.744273560209424,0.10582515237519192,0.5720483338656446,0.032118276591245706,0.975462904682593,0.005790308572024031,0.07162694163245426,0.0790690029786948
PTB,MAR,mage_band,20-34,B4_logistic_pooled,75144,6112,0.08133716597466198,0.6358871373257959,0.16488150090589865,0.22545811518324607,0.20853510895883778,0.08793782604066858,0.7588350785340314,0.0985550361240969,0.6262642393271585,-0.0013391017544569018,0.9872082202367413,0.00472327522766117,0.0723303626093926,0.08143394298808558
PTB,MAR,mage_band,35+,T_oracle,21140,2110,0.09981078524124881,0.6841429969641348,0.21657070210512952,0.37109004739336493,0.21957375210319685,0.16868495742667927,0.885781990521327,0.12197350388305161,0.7248344370860927,-0.018817216904577508,0.9631780441774024,0.0034032315186514938,0.08516969903161083,0.10141661779060318
PTB,MAR,mage_band,35+,B1_teacher_meanimp,21140,2110,0.09981078524124881,0.683780623261351,0.21638476156872433,0.37109004739336493,0.21914357682619648,0.16901608325449385,0.8876777251184834,0.12191629239080909,0.7267265846736045,-0.016854943435565355,0.9645048182729703,0.003385498017910623,0.08517697194538015,0.10124853504737484
PTB,MAR,mage_band,35+,B2_teacher_iterimp,21140,2110,0.09981078524124881,0.6817965646659179,0.21292485000220351,0.37109004739336493,0.2204391891891892,0.16802270577105013,0.8914691943127963,0.12093352192362093,0.7357615894039735,-0.03728616140804912,0.9574390701009339,0.004036335496596016,0.08533345468203625,0.10301663445120492
PTB,MAR,mage_band,35+,B3_pooled,21140,2110,0.09981078524124881,0.6802690438892943,0.21420111178884987,0.37109004739336493,0.21780250347705146,0.17005676442762535,0.8928909952606635,0.12029115055548462,0.7408703878902554,-0.033493488813909775,0.9632055068100722,0.0035187645468958066,0.08538651613531058,0.10269299232920122
PTB,MAR,mage_band,35+,KD_pooled,21140,2110,0.09981078524124881,0.6827386167513007,0.2171863396107352,0.37203791469194314,0.21970333053456478,0.16901608325449385,0.8867298578199052,0.12123371995075488,0.7300378429517502,-0.023699920070216533,0.959482225709297,0.0034584831642930835,0.08525441246340247,0.10183886848310714
PTB,MAR,mage_band,35+,B4_logistic_pooled,21140,2110,0.09981078524124881,0.6595776934897006,0.20211713468335357,0.34170616113744073,0.21638655462184875,0.1576158940397351,0.876303317535545,0.11608488196885987,0.7534531693472091,0.024046935098664672,0.9166938975257155,0.005542173491462355,0.08623450335574383,0.09778601772379765
PTB,MAR,mage_band,<20,T_oracle,3716,357,0.09607104413347686,0.6289078298780065,0.2012667720940259,0.24089635854341737,0.27129337539432175,0.08530678148546825,0.9551820728291317,0.10020570085218924,0.9157696447793326,0.002149771944666996,1.0858255895622173,0.007558778377443276,0.08309732174276366,0.09589094179870421
PTB,MAR,mage_band,<20,B1_teacher_meanimp,3716,357,0.09607104413347686,0.6255496542171498,0.20155055902639682,0.226890756302521,0.27364864864864863,0.07965554359526372,0.9551820728291317,0.1003826906093612,0.9141550053821313,0.021497103312663284,1.0921295989073696,0.008452514689942377,0.0831557781548467,0.09428183208878003
PTB,MAR,mage_band,<20,B2_teacher_iterimp,3716,357,0.09607104413347686,0.6252461091611399,0.19503109848557643,0.226890756302521,0.28321678321678323,0.07696447793326157,0.9495798319327731,0.10014771048744461,0.9109257265877287,0.014496310321929341,1.046221122101541,0.00802179518530005,0.0834222538031723,0.09486412809899215
PTB,MAR,mage_band,<20,B3_pooled,3716,357,0.09607104413347686,0.6256980910851986,0.19613635299449067,0.23249299719887956,0.2757475083056478,0.0810010764262648,0.9551820728291317,0.10020570085218924,0.9157696447793326,0.00802220445995361,1.098795084053954,0.007415463520519637,0.08335007992237005,0.09539852498613996
PTB,MAR,mage_band,<20,KD_pooled,3716,357,0.09607104413347686,0.6234227540376078,0.19750310479940042,0.23529411764705882,0.27184466019417475,0.08315392895586653,0.9495798319327731,0.1002661934338953,0.9098493003229279,0.005671401042348688,1.0698478884671732,0.00769541880657799,0.08337895052929722,0.09559586637459458
PTB,MAR,mage_band,<20,B4_logistic_pooled,3716,357,0.09607104413347686,0.5977936277220028,0.18043596918557434,0.13165266106442577,0.29012345679012347,0.043595263724434875,0.7899159663865546,0.10573678290213723,0.7177072120559742,0.23102269522929855,1.1521075281018722,0.018422843380908317,0.08517281602594295,0.07803425971656022
PTB,MAR,payer_obs,1.0,T_oracle,39562,3871,0.09784641828016784,0.6707751030525428,0.21473934736890454,0.33221389821751485,0.24050869646530765,0.13515494666599262,0.866442779643503,0.11464706887711502,0.7394722208179566,0.010844054648154813,0.9846742297961686,0.003719862142983665,0.0837592601755226,0.09694340908412678
PTB,MAR,payer_obs,1.0,B1_teacher_meanimp,39562,3871,0.09784641828016784,0.6692164665683906,0.2145619497951248,0.3306639111340739,0.2399700037495313,0.13482634851625297,0.8679927667269439,0.11465228963352214,0.7407613366361661,0.015217033817095245,0.9824498683839689,0.0034028304420471627,0.08378819897177382,0.09658099468641207
PTB,MAR,payer_obs,1.0,B2_teacher_iterimp,39562,3871,0.09784641828016784,0.6686809456184963,0.20865577708433083,0.3309222423146474,0.2402475618904726,0.13477579495475456,0.864376130198915,0.11469116336463975,0.7374248015772711,0.0010868753919142159,0.965911305147685,0.00368690708264202,0.08397018174871228,0.09775567958089276
PTB,MAR,payer_obs,1.0,B3_pooled,39562,3871,0.09784641828016784,0.6660568983925078,0.21206771095227625,0.32859726168948594,0.23784592370979807,0.13518022344674183,0.8636011366571945,0.11308436506325688,0.7472321925079621,0.007104036306217653,0.9768616178840022,0.004088280137449246,0.08390227753002473,0.09725307812265874
PTB,MAR,payer_obs,1.0,KD_pooled,39562,3871,0.09784641828016784,0.6678377412380286,0.21491054913599783,0.3340222164815293,0.23975523827183387,0.136317678580456,0.8636011366571945,0.11417349726775956,0.7401041403366867,0.009773219021423923,0.97593538675872,0.004047042862475555,0.08380228161025895,0.09703208157873927
PTB,MAR,payer_obs,1.0,B4_logistic_pooled,39562,3871,0.09784641828016784,0.6450349461483607,0.1964733435399638,0.3252389563420305,0.21554528334189352,0.1476416763560993,0.8752260397830018,0.10823243778551576,0.791239067792326,0.0017594409860193152,0.9309687339737659,0.007076724948439751,0.08488160465882122,0.09769848292505241
PTB,MAR,payer_obs,2.0,T_oracle,52442,4116,0.07848670912627284,0.6571132995266558,0.16806606665445095,0.20626822157434402,0.21087928464977646,0.0767705274398383,0.7278911564625851,0.1043793331707487,0.5473284771747836,0.02342470558432075,0.9706316514845237,0.004262486253549532,0.06971805003460044,0.07687207331067895
PTB,MAR,payer_obs,2.0,B1_teacher_meanimp,52442,4116,0.07848670912627284,0.6562609484290107,0.16726274058610813,0.20772594752186588,0.2102803738317757,0.07753327485603143,0.7303206997084548,0.1041038961038961,0.550608291064414,0.02437975908396903,0.9679367542884504,0.004189676992405427,0.06974295160542214,0.07680667814391064
PTB,MAR,payer_obs,2.0,B2_teacher_iterimp,52442,4116,0.07848670912627284,0.6542462715867174,0.16281536944114955,0.20942662779397472,0.21200196753566158,0.07753327485603143,0.728134110787172,0.10324158600020669,0.5535448686167576,0.002830944787932368,0.9515334192109313,0.0037582254902614486,0.0698620936974728,0.07829010182455182
PTB,MAR,payer_obs,2.0,B3_pooled,52442,4116,0.07848670912627284,0.6533720010077331,0.162986931514348,0.20772594752186588,0.21085080147965474,0.07732351931657831,0.7271622934888241,0.10361779470313312,0.5507989779184623,0.01812317153659401,0.9587783760848221,0.004621653616809516,0.06990388188547367,0.0772334148611586
PTB,MAR,payer_obs,2.0,KD_pooled,52442,4116,0.07848670912627284,0.6563135752938407,0.16523009641293082,0.20894071914480078,0.21083598921304242,0.07778116776629419,0.7288629737609329,0.10447501305937663,0.5475573013996415,0.022799100054873293,0.9617242539601994,0.004728075578533437,0.06981066813742427,0.07691456839495542
PTB,MAR,payer_obs,2.0,B4_logistic_pooled,52442,4116,0.07848670912627284,0.6292285721082764,0.1527142703455265,0.1824586977648202,0.20297297297297298,0.07055413599786431,0.7232750242954324,0.09762256107558616,0.5814995614202357,0.022753348235134696,0.9946725354720412,0.002723443805460881,0.0703667383683488,0.07690262924277569
PTB,MAR,payer_obs,3.0,T_oracle,4718,321,0.06803730394234846,0.7121763139268702,0.1964199451525511,0.2897196261682243,0.22682926829268293,0.08690122933446376,0.6853582554517134,0.11116725618999494,0.4194573972022043,0.012621242372894267,0.9389853038369765,0.004403183575890673,0.05956206527268701,0.06729109805298851
PTB,MAR,payer_obs,3.0,B1_teacher_meanimp,4718,321,0.06803730394234846,0.7119517201263675,0.2004971782277202,0.2897196261682243,0.23544303797468355,0.08372191606612972,0.6822429906542056,0.11071789686552073,0.4192454429843154,0.025871818492103262,0.9562244246998662,0.0047706752621892124,0.059454744945305775,0.06651310462758321
PTB,MAR,payer_obs,3.0,B2_teacher_iterimp,4718,321,0.06803730394234846,0.7098574006491256,0.19345585652269565,0.2866043613707165,0.23232323232323232,0.08393387028401865,0.6947040498442367,0.11200401808136615,0.4220008478168716,-0.006750911831716673,0.9369868984790923,0.004756192967785618,0.05962825450711644,0.06843931158369175
PTB,MAR,payer_obs,3.0,B3_pooled,4718,321,0.06803730394234846,0.707678769934471,0.19151206413442787,0.2772585669781931,0.2236180904522613,0.08435777871979652,0.7009345794392523,0.10509107893507706,0.45379398050021197,-0.014949207809948226,1.0043508230654439,0.0036502256919052367,0.05976878291729297,0.06894073911470731
PTB,MAR,payer_obs,3.0,KD_pooled,4718,321,0.06803730394234846,0.7099204569527369,0.1962866651439004,0.2803738317757009,0.22959183673469388,0.0830860534124629,0.6791277258566978,0.10792079207920792,0.4281475201356507,0.014670421601570102,0.9593843421767349,0.003853330231860306,0.05964064990530354,0.06716669118820844
PTB,MAR,payer_obs,3.0,B4_logistic_pooled,4718,321,0.06803730394234846,0.6745961739702161,0.16233294426489767,0.2087227414330218,0.23674911660777384,0.05998304366256889,0.6479750778816199,0.10271604938271604,0.4292072912250954,-0.006433709980660294,1.1766025096807038,0.008213436815282714,0.061008052650003905,0.06843476561157527
PTB,MAR,payer_obs,4.0,T_oracle,3278,271,0.08267236119585113,0.6652405150589584,0.20771801763194628,0.2730627306273063,0.23492063492063492,0.09609517998779744,0.7195571955719557,0.10875627440044618,0.5469798657718121,0.04208712506580598,1.0122389228142794,0.00660630071785087,0.07199214296072787,0.07967404749181473
PTB,MAR,payer_obs,4.0,B1_teacher_meanimp,3278,271,0.08267236119585113,0.6612498266652105,0.20547853895491944,0.2730627306273063,0.2334384858044164,0.09670530811470408,0.7121771217712177,0.1075208913649025,0.5475899938987188,0.04483274726884494,0.9967652480869736,0.007307507456434987,0.07210059083383968,0.07948168811837784
PTB,MAR,payer_obs,4.0,B2_teacher_iterimp,3278,271,0.08267236119585113,0.6600496749896,0.19767389831518417,0.2730627306273063,0.2334384858044164,0.09670530811470408,0.7232472324723247,0.10722100656455143,0.5576571079926784,0.015761725498266925,0.9711740061683337,0.0063667752144690665,0.07220384931256862,0.08154069035039785
PTB,MAR,payer_obs,4.0,B3_pooled,3278,271,0.08267236119585113,0.6592035557868049,0.2012780799096383,0.2730627306273063,0.24342105263157895,0.09273947528981086,0.7306273062730627,0.11458333333333333,0.5271507016473459,0.07448915249987755,0.9675951047283993,0.009539271171504564,0.0722086316356963,0.07743703554110257
PTB,MAR,payer_obs,4.0,KD_pooled,3278,271,0.08267236119585113,0.6594563484710338,0.19831720568024416,0.2767527675276753,0.2329192546583851,0.09823062843197071,0.7306273062730627,0.11092436974789915,0.5445393532641855,0.045337027063311566,0.9688159750231954,0.008559966109516428,0.0721988565867141,0.07945076961550301
PTB,MAR,payer_obs,4.0,B4_logistic_pooled,3278,271,0.08267236119585113,0.6499766228124536,0.1848697368555935,0.25461254612546125,0.24820143884892087,0.0848078096400244,0.7232472324723247,0.10698689956331878,0.5588773642464918,0.06636463293601122,1.0685965562270696,0.006067644255081937,0.07278762165499539,0.0779419302314053
PTB,MAR,foreign_born,0.0,T_oracle,75906,6707,0.08835928648591679,0.6737464003553943,0.20107646958764513,0.28432980468167585,0.23439036381514258,0.10718520275077069,0.8009542269270911,0.11224873584353713,0.6304903433193687,0.028636147155350268,0.9807675128764441,0.0033321033678365337,0.07658503255350735,0.08619282637064542
PTB,MAR,foreign_born,0.0,B1_teacher_meanimp,75906,6707,0.08835928648591679,0.6725307981309818,0.20082091466305235,0.2846280005963918,0.23408951563458003,0.10743551234421521,0.8016997167138811,0.11200683247927343,0.6324401233104102,0.03143697300986754,0.9790067004073602,0.0034678457069870377,0.07660823512511056,0.08598293848411642
PTB,MAR,foreign_born,0.0,B2_teacher_iterimp,75906,6707,0.08835928648591679,0.6714650910755087,0.19601961199721246,0.28552258834053973,0.23476768419762167,0.10746186072247253,0.8005069330550172,0.11165179778318464,0.6335072326298317,0.012395982785461158,0.9661093000436974,0.0027734714940556805,0.07673616806283959,0.08741628369570587
PTB,MAR,foreign_born,0.0,B3_pooled,75906,6707,0.08835928648591679,0.6703123349792226,0.19797200902569428,0.2820933353213061,0.2345066931085771,0.10628935789002186,0.8005069330550172,0.11179593961478397,0.6326904329038547,0.025922212619993775,0.977247087139376,0.0034090649539629545,0.0767374407536535,0.0863927082601663
PTB,MAR,foreign_born,0.0,KD_pooled,75906,6707,0.08835928648591679,0.671980936525081,0.19995464214169426,0.2858207842552557,0.23352418077719575,0.10814691855716281,0.8000596391829432,0.11231345626556712,0.6294232339999473,0.02780063956037277,0.9728954437521933,0.003547103341166512,0.07665761710249994,0.0862547629098017
PTB,MAR,foreign_born,0.0,B4_logistic_pooled,75906,6707,0.08835928648591679,0.6458588252958501,0.18195453335110937,0.2658416579692858,0.2155203674604134,0.10899006666139699,0.801997912628597,0.10526624787177831,0.673187890285353,0.020741879422763156,0.979911475471448,0.003449565044503905,0.07758174206778547,0.08676885270983745
PTB,MAR,foreign_born,1.0,T_oracle,23948,1857,0.07754300985468515,0.6495824158294471,0.15652099890920335,0.2105546580506193,0.20102827763496145,0.08121763821613497,0.7436725901992461,0.10026864154505191,0.5751210957073659,-0.019687327354453606,0.9421390525773721,0.0025851329962690143,0.06935310486153454,0.07891190768520662
PTB,MAR,foreign_born,1.0,B1_teacher_meanimp,23948,1857,0.07754300985468515,0.6484917712111018,0.15561072071513826,0.2094776521270867,0.20041215868109222,0.08105060965425087,0.7479806138933764,0.1002960502563362,0.5782946383831635,-0.016048970797123856,0.9420645562540986,0.0025729095199844496,0.0693760607338796,0.07865782767370656
PTB,MAR,foreign_born,1.0,B2_teacher_iterimp,23948,1857,0.07754300985468515,0.6464192624491241,0.1505428233976437,0.2105546580506193,0.20144255538382277,0.08105060965425087,0.7442110931610124,0.09971859441518147,0.5787122097878737,-0.03533335575422679,0.9161556626168408,0.00251122731819505,0.06956010882412166,0.08001314971622389
PTB,MAR,foreign_born,1.0,B3_pooled,23948,1857,0.07754300985468515,0.6418527373445528,0.15020085583406578,0.21217016693591814,0.1949529935675408,0.08439118089193252,0.7420570813139472,0.09704225352112676,0.5929513946884918,-0.029874861670463635,0.9191079953127129,0.0034625115755431354,0.0695829125179747,0.07963148436191102
PTB,MAR,foreign_born,1.0,KD_pooled,23948,1857,0.07754300985468515,0.6466333619246204,0.1535554106740439,0.21378567582121702,0.20244773074961755,0.08188575246367129,0.7436725901992461,0.09913854989231874,0.5816769667613162,-0.019724660503896724,0.9303592266448074,0.002954658853127628,0.06944144308654711,0.07891497844528175
PTB,MAR,foreign_born,1.0,B4_logistic_pooled,23948,1857,0.07754300985468515,0.6264412803485032,0.1453383246190126,0.19278406031233172,0.19789939192924266,0.07553866711207617,0.7409800753904147,0.09525787469712703,0.6031818941038918,-0.012039133870095906,0.9116818885937906,0.002932653455163233,0.06983977609762038,0.07838172944707178
PTB,MARx5,mracehisp,1.0,T_oracle,50175,3893,0.07758844045839562,0.6683634462705336,0.18470872319706771,0.23118417672745956,0.23578726748755569,0.07607374190333832,0.7094785512458258,0.10631664036337042,0.517767812655705,0.03707890749401498,0.9948788497241307,0.00279648776883191,0.06828213065013453,0.07508913719619391
PTB,MARx5,mracehisp,1.0,B1_teacher_meanimp,50175,3893,0.07758844045839562,0.6653668816814526,0.18279298797305077,0.2332391471872592,0.2329997433923531,0.07766816143497758,0.7099922938607758,0.10507508078312108,0.524265072247135,0.04397216930560562,0.99230196603882,0.002647884419678958,0.06835005321124951,0.07463035023952765
PTB,MARx5,mracehisp,1.0,B2_teacher_iterimp,50175,3893,0.07758844045839562,0.6635573770035055,0.17728191998210843,0.23221166195735937,0.23335054207537428,0.07720976581963129,0.708964808630876,0.10486322188449848,0.5245640259093174,0.03259766478283412,0.9763503981430648,0.002580209053672006,0.06848037850237167,0.0753877672066449
PTB,MARx5,mracehisp,1.0,B3_pooled,50175,3893,0.07758844045839562,0.6639557961565832,0.1791728175079752,0.2263036218854354,0.23499599893304882,0.07471848530144494,0.708194194708451,0.1054786135128931,0.520936721474838,0.034396938300319375,0.9911230918483425,0.0037863168639628852,0.0684863737946647,0.07526239618459647
PTB,MARx5,mracehisp,1.0,KD_pooled,50175,3893,0.07758844045839562,0.6661523200121198,0.18171819585449053,0.23298227587978423,0.236382590565546,0.07647234678624813,0.7045979964038017,0.10636317809918958,0.5139810662680618,0.03805951006970323,0.9908319519210411,0.0032412893825437997,0.06839141033318628,0.0750213052674685
PTB,MARx5,mracehisp,1.0,B4_logistic_pooled,50175,3893,0.07758844045839562,0.6380380184853434,0.16292525681800474,0.20318520421268943,0.22762589928057553,0.06925759840558046,0.6930387875674288,0.09977072701723246,0.5389536621823617,0.03679749142526862,1.062756680898849,0.004971165754893011,0.06919409499059705,0.07507063188551828
PTB,MARx5,mracehisp,4.0,T_oracle,6195,440,0.07102502017756256,0.626279717241924,0.13722825891238993,0.16136363636363638,0.18112244897959184,0.06327683615819209,0.6795454545454546,0.09077109896782028,0.5317191283292978,-0.0513915503005287,0.8854265002988029,0.0048497169539913855,0.06454355482002941,0.07438635715076511
PTB,MARx5,mracehisp,4.0,B1_teacher_meanimp,6195,440,0.07102502017756256,0.6201076139325488,0.13510155915431166,0.16818181818181818,0.18048780487804877,0.06618240516545601,0.7045454545454546,0.08841985168282944,0.5659402744148507,-0.06788520104883788,0.8883795342992361,0.0059525525885051195,0.06462357076918265,0.07549939258348888
PTB,MARx5,mracehisp,4.0,B2_teacher_iterimp,6195,440,0.07102502017756256,0.6143898586209621,0.13163640626860992,0.16590909090909092,0.17718446601941748,0.06650524616626312,0.7159090909090909,0.08592471358428805,0.5917675544794189,-0.09535351617601927,0.852875258937659,0.009092009597650708,0.06475225244720322,0.07737919909371417
PTB,MARx5,mracehisp,4.0,B3_pooled,6195,440,0.07102502017756256,0.616962522707527,0.13226741851780505,0.175,0.18160377358490565,0.06844229217110573,0.6931818181818182,0.08769407705577918,0.5614205004035513,-0.0823521518356399,0.8520240291393721,0.0072535619467168355,0.06477822246555039,0.07648174866491961
PTB,MARx5,mracehisp,4.0,KD_pooled,6195,440,0.07102502017756256,0.6208350446252271,0.13494521273524313,0.16818181818181818,0.18877551020408162,0.06327683615819209,0.6840909090909091,0.08993128174484613,0.5402744148506861,-0.060778622771413354,0.8863798162224357,0.005475088302360197,0.06464045509343233,0.0750165397755322
PTB,MARx5,mracehisp,4.0,B4_logistic_pooled,6195,440,0.07102502017756256,0.5984797804280861,0.11841279374242356,0.1409090909090909,0.16103896103896104,0.062146892655367235,0.725,0.08357348703170028,0.6161420500403552,-0.08544549742073775,0.8048207008392851,0.006847194663059016,0.06521572665301936,0.07672280788688314
PTB,MARx5,mracehisp,2.0,T_oracle,12677,1566,0.123530803817938,0.6810557760750022,0.2584462566190431,0.44316730523627074,0.24479717813051147,0.22363335173937052,0.9693486590038314,0.13198852273715328,0.9072335726118167,0.019077884705606268,1.0220670688597342,0.003026477893856808,0.10174991033972523,0.12159784193447293
PTB,MARx5,mracehisp,2.0,B1_teacher_meanimp,12677,1566,0.123530803817938,0.6714684675582389,0.2505160485371703,0.4367816091954023,0.24693140794223828,0.21850595566774472,0.9712643678160919,0.13154025771858513,0.9121243196339828,0.04142045027166072,0.995471482523508,0.003870131858215335,0.10226049555350591,0.11935964290898388
PTB,MARx5,mracehisp,2.0,B2_teacher_iterimp,12677,1566,0.123530803817938,0.6717606831240726,0.24353065506442456,0.43167305236270753,0.24743777452415813,0.21550840104125582,0.9687100893997446,0.13198190360187925,0.9066813914964108,0.04190858221032093,0.9710297131586832,0.004739721226107777,0.10253860413691059,0.11931988202515653
PTB,MARx5,mracehisp,2.0,B3_pooled,12677,1566,0.123530803817938,0.6703240308265151,0.24823124668247054,0.4393358876117497,0.2414882414882415,0.22473771397018222,0.9687100893997446,0.13122837370242216,0.9118876705845231,0.010323747428088734,1.0136948844070328,0.0032104122682458528,0.10237530769995823,0.12247606727824142
PTB,MARx5,mracehisp,2.0,KD_pooled,12677,1566,0.123530803817938,0.6731995193515155,0.25293854956874834,0.44699872286079184,0.24509803921568626,0.22528989508558808,0.9642401021711366,0.13100815547457922,0.9092056480239804,0.01657768539031591,1.0144225442363046,0.0031121860720190343,0.1021260120915081,0.12184422108566827
PTB,MARx5,mracehisp,2.0,B4_logistic_pooled,12677,1566,0.123530803817938,0.6486342449631394,0.23713329966852417,0.46360153256704983,0.21396993810786913,0.26765007493886567,0.9616858237547893,0.12849829351535835,0.9245089532223713,0.01046883445753562,0.8976254413206107,0.0071416222285514575,0.10358208683888154,0.12246708386336302
PTB,MARx5,mracehisp,7.0,T_oracle,27167,2345,0.08631795928884309,0.6440040465513175,0.1654401048746183,0.22899786780383796,0.20606293169608594,0.09592520337173777,0.8136460554371002,0.1036900168469105,0.6773291125262266,0.005427046293507938,0.9207612448857413,0.0031860615629856212,0.07652257003639698,0.08590706505825407
PTB,MARx5,mracehisp,7.0,B1_teacher_meanimp,27167,2345,0.08631795928884309,0.6377456101515283,0.16281122991962133,0.2255863539445629,0.2059968847352025,0.09452644752825119,0.8076759061833688,0.10285093673635623,0.6778444436264586,0.026931578965149715,0.908124059246574,0.0038184344126926868,0.07665006274643887,0.08429373425593233
PTB,MARx5,mracehisp,7.0,B2_teacher_iterimp,27167,2345,0.08631795928884309,0.6364992520734838,0.1594026960881716,0.2255863539445629,0.20353982300884957,0.09566753782162182,0.8068230277185501,0.10249187432286024,0.6795008650200611,0.010257816941499388,0.8879000609044048,0.003558960361848189,0.07678752375899384,0.0855429312122333
PTB,MARx5,mracehisp,7.0,B3_pooled,27167,2345,0.08631795928884309,0.6336712703618206,0.15942881200724687,0.22388059701492538,0.19818799546998866,0.09750800603673575,0.808955223880597,0.10186875738373967,0.6854639820370302,0.0025373183587091854,0.8728746922887234,0.003934764203608862,0.07681898730551448,0.08612563658527028
PTB,MARx5,mracehisp,7.0,KD_pooled,27167,2345,0.08631795928884309,0.6362994585414032,0.16122864414479535,0.2281449893390192,0.2045107033639144,0.09629329701476055,0.8046908315565032,0.10117962466487936,0.6864946442374941,0.0040175965784575995,0.8965419880132999,0.0030773943409820375,0.07672044515423497,0.08601329253583159
PTB,MARx5,mracehisp,7.0,B4_logistic_pooled,27167,2345,0.08631795928884309,0.6173751567450225,0.15298748039411228,0.1995735607675906,0.19746835443037974,0.08723819339640004,0.8400852878464818,0.09573795985809398,0.7574262892479847,0.0007187654748987132,0.8904334977991488,0.0036114048578699026,0.07713995248203699,0.08626304362892331
PTB,MARx5,mracehisp,6.0,T_oracle,2504,219,0.08746006389776358,0.6373430053055964,0.1731755863844757,0.2420091324200913,0.21285140562248997,0.0994408945686901,0.771689497716895,0.10317460317460317,0.6541533546325878,0.018116314735125996,0.8459777698736056,0.008452500886521908,0.0773907204707991,0.0860919123569392
PTB,MARx5,mracehisp,6.0,B1_teacher_meanimp,2504,219,0.08746006389776358,0.6299881098688089,0.16787329933090456,0.2328767123287671,0.204,0.09984025559105432,0.776255707762557,0.1033434650455927,0.6569488817891374,0.03240531447740103,0.8117846363065336,0.00880042456975707,0.07768439152361012,0.08502158413406728
PTB,MARx5,mracehisp,6.0,B2_teacher_iterimp,2504,219,0.08746006389776358,0.6308384041245766,0.1610581992816496,0.2420091324200913,0.20948616600790515,0.10103833865814696,0.7945205479452054,0.10431654676258993,0.6661341853035144,0.012713336553790033,0.7918480981049576,0.008288282412989003,0.07801170155319997,0.08649785913713326
PTB,MARx5,mracehisp,6.0,B3_pooled,2504,219,0.08746006389776358,0.6273413067154262,0.16577027864096905,0.228310502283105,0.21008403361344538,0.0950479233226837,0.7534246575342466,0.10235732009925558,0.6437699680511182,0.03886690994309113,0.8004589571552769,0.009982061844741536,0.07777384610173216,0.08454308488243893
PTB,MARx5,mracehisp,6.0,KD_pooled,2504,219,0.08746006389776358,0.6312700458619346,0.1684809117516307,0.2465753424657534,0.21862348178137653,0.09864217252396167,0.7671232876712328,0.10408921933085502,0.6445686900958466,0.027239755638558506,0.816433157703416,0.008411059271710512,0.07762903721908061,0.08540766067013716
PTB,MARx5,mracehisp,6.0,B4_logistic_pooled,2504,219,0.08746006389776358,0.606182868219378,0.154560781554736,0.2146118721461187,0.2052401746724891,0.09145367412140575,0.7442922374429224,0.09819277108433735,0.6629392971246006,0.06836235673444804,0.8140373246640207,0.009630185355434924,0.07829197523281753,0.0823276421564264
PTB,MARx5,mracehisp,3.0,T_oracle,627,64,0.10207336523125997,0.7163354795737122,0.27448657810575294,0.453125,0.24369747899159663,0.189792663476874,0.9375,0.12958963282937366,0.7384370015948963,-0.03959930218119236,1.1089862646334048,0.011868786697195663,0.08422273960481975,0.10551158493206955
PTB,MARx5,mracehisp,3.0,B1_teacher_meanimp,627,64,0.10207336523125997,0.7087727575488454,0.2749579261118558,0.453125,0.2457627118644068,0.18819776714513556,0.90625,0.12691466083150985,0.7288676236044657,-0.001897235152382189,1.1181015679712136,0.013184644405242977,0.08425525375355741,0.10223630579527758
PTB,MARx5,mracehisp,3.0,B2_teacher_iterimp,627,64,0.10207336523125997,0.7089392761989343,0.2966030708850605,0.46875,0.25210084033613445,0.189792663476874,0.890625,0.12694877505567928,0.7161084529505582,-0.0040964460326428,1.122491425591544,0.012908167824909722,0.08350969582188705,0.10242352260424535
PTB,MARx5,mracehisp,3.0,B3_pooled,627,64,0.10207336523125997,0.716488121669627,0.28994901020892394,0.4375,0.27450980392156865,0.16267942583732056,0.953125,0.1217564870259481,0.7990430622009569,-0.04153140078697011,1.2443094674208701,0.01650443063881099,0.08357553919793047,0.1057210970197277
PTB,MARx5,mracehisp,3.0,KD_pooled,627,64,0.10207336523125997,0.7114648090586146,0.29352359702100383,0.453125,0.25892857142857145,0.17862838915470494,0.9375,0.12371134020618557,0.773524720893142,-0.024124059680565177,1.217153788776164,0.012695595027156455,0.08377161906573907,0.1041791362496443
PTB,MARx5,mracehisp,3.0,B4_logistic_pooled,627,64,0.10207336523125997,0.7099938943161633,0.2568363100261824,0.375,0.24,0.1594896331738437,0.953125,0.12323232323232323,0.7894736842105263,0.012035242707197595,1.1886822138137576,0.01545032715013757,0.08558117693548956,0.10102940444085591
PTB,MARx5,mage_band,20-34,T_oracle,75144,6112,0.08133716597466198,0.661899923565306,0.18240490051864106,0.2344568062827225,0.23057119871279164,0.08270786756094964,0.7452552356020943,0.10592037949958144,0.5722878739486852,0.03146977653525127,0.9832357603119911,0.004313484675247385,0.07156346234477777,0.07911441109362932
PTB,MARx5,mage_band,20-34,B1_teacher_meanimp,75144,6112,0.08133716597466198,0.6561457121581523,0.17872064466153642,0.2344568062827225,0.23083118556701032,0.08261471308421164,0.7429646596858639,0.10456628364842149,0.5779170659001384,0.04417914153243522,0.9724631493103247,0.006099369308620194,0.07171415999396862,0.07822909472070215
PTB,MARx5,mage_band,20-34,B2_teacher_iterimp,75144,6112,0.08133716597466198,0.6550050802564287,0.17308403316000065,0.2349476439790576,0.22983354673495518,0.08314702437985734,0.7419829842931938,0.10428403890817946,0.578715532843607,0.03022766882381382,0.9529559102872336,0.005857879844664782,0.07185751580885721,0.07920183255511871
PTB,MARx5,mage_band,20-34,B3_pooled,75144,6112,0.08133716597466198,0.654687013181989,0.17482487105280148,0.23069371727748691,0.22863628993027404,0.0820690940061748,0.7414921465968587,0.1046941415634818,0.5760672841477696,0.03082304020299985,0.9656579107417743,0.006369305409216448,0.07182170188870343,0.07915567053803199
PTB,MARx5,mage_band,20-34,KD_pooled,75144,6112,0.08133716597466198,0.6564907521263377,0.17734954987702864,0.23609293193717276,0.23099087562029774,0.0831337165974662,0.7365837696335078,0.10469523964558963,0.5722479506015118,0.03258778958915705,0.9697880870720127,0.006249185180392949,0.07173676530522298,0.07903406013821851
PTB,MARx5,mage_band,20-34,B4_logistic_pooled,75144,6112,0.08133716597466198,0.6347690948226302,0.16333572628951828,0.22480366492146597,0.20938738189576347,0.08732566805067604,0.756871727748691,0.09809368307216014,0.6275817097838816,-0.00020847106548047432,0.983457805449355,0.005020808195908499,0.07239332060516544,0.0813522304668187
PTB,MARx5,mage_band,35+,T_oracle,21140,2110,0.09981078524124881,0.6841429969641348,0.21657070210512952,0.37109004739336493,0.21957375210319685,0.16868495742667927,0.885781990521327,0.12197350388305161,0.7248344370860927,-0.018817216904577508,0.9631780441774024,0.0034032315186514938,0.08516969903161083,0.10141661779060318
PTB,MARx5,mage_band,35+,B1_teacher_meanimp,21140,2110,0.09981078524124881,0.68256496975342,0.2150231023089556,0.37203791469194314,0.21643231320650674,0.17157048249763482,0.8919431279620853,0.12130196583951015,0.7339167455061495,-0.013289437480923233,0.9681727460371732,0.002971182485148637,0.0852548178490872,0.10094455316645001
PTB,MARx5,mage_band,35+,B2_teacher_iterimp,21140,2110,0.09981078524124881,0.6804836962341824,0.2109783225729139,0.36824644549763036,0.21649484536082475,0.16977294228949857,0.895260663507109,0.12012718600953895,0.7438505203405865,-0.026919573634816528,0.9572983526971757,0.003300846102324226,0.08542806011549804,0.10211915845925919
PTB,MARx5,mage_band,35+,B3_pooled,21140,2110,0.09981078524124881,0.6783703082934653,0.2123675481078646,0.3701421800947867,0.21408991228070176,0.17256385998107854,0.8872037914691943,0.11982333738718556,0.7390255439924314,-0.03433200741491845,0.9522732530934422,0.003867340404283884,0.08551323057458476,0.10276585239886571
PTB,MARx5,mage_band,35+,KD_pooled,21140,2110,0.09981078524124881,0.6828700505313388,0.21675393504149085,0.37819905213270144,0.22093023255813954,0.17086092715231788,0.8876777251184834,0.1214498767993775,0.7295175023651845,-0.023624960250796724,0.9666544400985791,0.0033547827628184756,0.08526199784100576,0.10183457373965321
PTB,MARx5,mage_band,35+,B4_logistic_pooled,21140,2110,0.09981078524124881,0.6601679687597284,0.20215637434476877,0.34360189573459715,0.21680622009569378,0.15818353831598864,0.8777251184834123,0.1162586315128688,0.7535477767265847,0.023918866198907617,0.921459223755325,0.005835639236849415,0.08623242343015894,0.09779549341599439
PTB,MARx5,mage_band,<20,T_oracle,3716,357,0.09607104413347686,0.6289078298780065,0.2012667720940259,0.24089635854341737,0.27129337539432175,0.08530678148546825,0.9551820728291317,0.10020570085218924,0.9157696447793326,0.002149771944666996,1.0858255895622173,0.007558778377443276,0.08309732174276366,0.09589094179870421
PTB,MARx5,mage_band,<20,B1_teacher_meanimp,3716,357,0.09607104413347686,0.6179927165864858,0.19275737703712847,0.21568627450980393,0.29615384615384616,0.06996770721205597,0.9607843137254902,0.10073421439060205,0.9163078579117331,0.05897624568796605,1.1189511335153404,0.010551033747111353,0.08351087059716694,0.09121089795743
PTB,MARx5,mage_band,<20,B2_teacher_iterimp,3716,357,0.09607104413347686,0.6145628242365717,0.18564999334642637,0.19887955182072828,0.29338842975206614,0.0651237890204521,0.9523809523809523,0.10119047619047619,0.9041980624327234,0.07860837087409549,1.0669703186793649,0.0111194851680857,0.08378328693251458,0.08965654666185108
PTB,MARx5,mage_band,<20,B3_pooled,3716,357,0.09607104413347686,0.6125676826252978,0.19089788561333132,0.21568627450980393,0.28308823529411764,0.07319698600645856,0.969187675070028,0.09931113662456946,0.93756727664155,-0.014119643582626726,1.0987218222268127,0.00990865960148414,0.0835496861587316,0.09726832770000514
PTB,MARx5,mage_band,<20,KD_pooled,3716,357,0.09607104413347686,0.6170245412842124,0.1945306924918701,0.21568627450980393,0.27697841726618705,0.07481162540365985,0.9607843137254902,0.09904706901530465,0.9319160387513455,-0.0033389326207805756,1.1207319196586514,0.008145952143873751,0.08355073971772375,0.09635330569669143
PTB,MARx5,mage_band,<20,B4_logistic_pooled,3716,357,0.09607104413347686,0.5883328621713646,0.1730403401048106,0.12044817927170869,0.296551724137931,0.03902045209903122,0.803921568627451,0.10424990918997458,0.7408503767491926,0.22594841191184656,1.1611063678699498,0.018148943525103312,0.08535348214655332,0.07836994423712026
PTB,MARx5,payer_obs,1.0,T_oracle,39562,3871,0.09784641828016784,0.6707751030525428,0.21473934736890454,0.33221389821751485,0.24050869646530765,0.13515494666599262,0.866442779643503,0.11464706887711502,0.7394722208179566,0.010844054648154813,0.9846742297961686,0.003719862142983665,0.0837592601755226,0.09694340908412678
PTB,MARx5,payer_obs,1.0,B1_teacher_meanimp,39562,3871,0.09784641828016784,0.6652071798190359,0.21141254392308506,0.32885559287005944,0.24307809814779455,0.1323745007835802,0.863342805476621,0.11412375358557574,0.7402052474596835,0.03150068488722026,0.9741619603857988,0.003810882809141869,0.08395418234425864,0.09524021384221118
PTB,MARx5,payer_obs,1.0,B2_teacher_iterimp,39562,3871,0.09784641828016784,0.6645617861471357,0.20560088058406575,0.3252389563420305,0.24114154376556216,0.13197007229159294,0.8610178248514596,0.11447707367336425,0.7359334715130681,0.025763349166778707,0.957826887797865,0.0034446678880524248,0.08414162082251912,0.09571315043666617
PTB,MARx5,payer_obs,1.0,B3_pooled,39562,3871,0.09784641828016784,0.6637175756857485,0.20839457470991463,0.32343063807801603,0.2372110647972717,0.13341084879429757,0.8625678119349005,0.1134171195652174,0.7441484252565593,0.00867221965957202,0.9678828070796861,0.004111974193116104,0.08406525240617206,0.09712211551062129
PTB,MARx5,payer_obs,1.0,KD_pooled,39562,3871,0.09784641828016784,0.6645639285928349,0.21151622038598977,0.33195556703694135,0.24126924521216672,0.13462413427025935,0.8589511754068716,0.11324160479531367,0.7421768363581215,0.0104320482477054,0.9742838658166945,0.004103222968939567,0.08395585601435829,0.09697597974144058
PTB,MARx5,payer_obs,1.0,B4_logistic_pooled,39562,3871,0.09784641828016784,0.6438012918962043,0.19471940183887765,0.32291397571686903,0.2172779419433339,0.14541731965016935,0.8780676827693102,0.10766550522648084,0.7979879682523634,0.003979978207761549,0.9295753695966069,0.006393210723081286,0.08496709478979758,0.09751183732444793
PTB,MARx5,payer_obs,2.0,T_oracle,52442,4116,0.07848670912627284,0.6571132995266558,0.16806606665445095,0.20626822157434402,0.21087928464977646,0.0767705274398383,0.7278911564625851,0.1043793331707487,0.5473284771747836,0.02342470558432075,0.9706316514845237,0.004262486253549532,0.06971805003460044,0.07687207331067895
PTB,MARx5,payer_obs,2.0,B1_teacher_meanimp,52442,4116,0.07848670912627284,0.6529771160212626,0.164909437024655,0.20748299319727892,0.20558497833413578,0.0792113191716563,0.7317784256559767,0.1028056522629531,0.5586743449906564,0.026927114712101262,0.9589236020275833,0.004453468035250479,0.06983757548834653,0.07663206216143958
PTB,MARx5,payer_obs,2.0,B2_teacher_iterimp,52442,4116,0.07848670912627284,0.6510070749851782,0.16039402792804705,0.20845481049562684,0.20634920634920634,0.07928759391327563,0.7325072886297376,0.10164862951350258,0.565596277792609,0.0103073530747766,0.9411405042216545,0.004055927693893208,0.06996014928482132,0.0777726525692959
PTB,MARx5,payer_obs,2.0,B3_pooled,52442,4116,0.07848670912627284,0.6506708346660982,0.16164975428258954,0.20821185617103985,0.20780795344325897,0.07863925860951146,0.7266763848396501,0.10268822741785971,0.5554135997864307,0.014749052326973837,0.9464382110266475,0.0046361364808695715,0.06996954698938243,0.07746529896195833
PTB,MARx5,payer_obs,2.0,KD_pooled,52442,4116,0.07848670912627284,0.6543316545021589,0.16472763972928176,0.2108843537414966,0.21134648161675187,0.07831509095762938,0.7227891156462585,0.10371997350346895,0.546947103466687,0.022045201575785368,0.9590964597381515,0.0045483200913063555,0.06984680065419363,0.0769653480390629
PTB,MARx5,payer_obs,2.0,B4_logistic_pooled,52442,4116,0.07848670912627284,0.6279266127318724,0.1521309438318847,0.18513119533527697,0.20244420828905418,0.0717745318637733,0.7213313896987367,0.09697543767964463,0.5838068723542199,0.018377952540870608,0.991011089833994,0.0025694352388868653,0.0703891292948341,0.07720481237320091
PTB,MARx5,payer_obs,3.0,T_oracle,4718,321,0.06803730394234846,0.7121763139268702,0.1964199451525511,0.2897196261682243,0.22682926829268293,0.08690122933446376,0.6853582554517134,0.11116725618999494,0.4194573972022043,0.012621242372894267,0.9389853038369765,0.004403183575890673,0.05956206527268701,0.06729109805298851
PTB,MARx5,payer_obs,3.0,B1_teacher_meanimp,4718,321,0.06803730394234846,0.7115645260822835,0.1988964795406085,0.29283489096573206,0.24802110817941952,0.08033064857990674,0.6884735202492211,0.11241098677517802,0.41670199236964817,0.05342206858124043,0.9831376106059587,0.004915779982029408,0.059478472967611454,0.06491183875506264
PTB,MARx5,payer_obs,3.0,B2_teacher_iterimp,4718,321,0.06803730394234846,0.7081265405398895,0.19142461535742689,0.2897196261682243,0.24603174603174602,0.08011869436201781,0.6978193146417445,0.11341772151898734,0.4186095803306486,0.02449311419163864,0.9521992073012893,0.0049228673058800635,0.0597046044934765,0.06659191177604012
PTB,MARx5,payer_obs,3.0,B3_pooled,4718,321,0.06803730394234846,0.6996330689928065,0.18893963975997147,0.2772585669781931,0.23237597911227154,0.08117846545146248,0.6978193146417445,0.10511496949788832,0.4516744383213226,-0.008091218147143368,0.9677113589823098,0.004055160175699901,0.05995362781344447,0.06852465325626195
PTB,MARx5,payer_obs,3.0,KD_pooled,4718,321,0.06803730394234846,0.7063156201800008,0.1926993299361437,0.2803738317757009,0.23622047244094488,0.08075455701568461,0.6884735202492211,0.10619894281595386,0.4410767274268758,0.012122010855342601,0.9669756877174588,0.004249928713402785,0.05976835989965313,0.06731475914129995
PTB,MARx5,payer_obs,3.0,B4_logistic_pooled,4718,321,0.06803730394234846,0.6758502150645053,0.16126258948777264,0.19937694704049844,0.24521072796934865,0.055320050869012295,0.6199376947040498,0.10607675906183368,0.39762611275964393,0.025312257941715585,1.184465073699569,0.008041036402560778,0.061098262611662756,0.06649316022892965
PTB,MARx5,payer_obs,4.0,T_oracle,3278,271,0.08267236119585113,0.6652405150589584,0.20771801763194628,0.2730627306273063,0.23492063492063492,0.09609517998779744,0.7195571955719557,0.10875627440044618,0.5469798657718121,0.04208712506580598,1.0122389228142794,0.00660630071785087,0.07199214296072787,0.07967404749181473
PTB,MARx5,payer_obs,4.0,B1_teacher_meanimp,3278,271,0.08267236119585113,0.6532089331535151,0.19893853785787843,0.2730627306273063,0.2276923076923077,0.09914582062233068,0.7047970479704797,0.10617009449694274,0.548810250152532,0.05382952745057862,0.9783009665466792,0.009164488042037162,0.07232005855123075,0.07884949521014264
PTB,MARx5,payer_obs,4.0,B2_teacher_iterimp,3278,271,0.08267236119585113,0.6498686337046278,0.18944457785197755,0.2730627306273063,0.22981366459627328,0.09823062843197071,0.7084870848708487,0.10543657331136738,0.5555216595485052,0.029163409703831262,0.9393041973889961,0.008336190630367137,0.07248376365109735,0.08058801079080505
PTB,MARx5,payer_obs,4.0,B3_pooled,3278,271,0.08267236119585113,0.6590857494873585,0.19795064739757706,0.25830258302583026,0.23178807947019867,0.0921293471629042,0.7232472324723247,0.1154979375368297,0.5176937156802929,0.07404620465301426,0.9607430215351089,0.008543141798703998,0.07236015250253074,0.07745981583217035
PTB,MARx5,payer_obs,4.0,KD_pooled,3278,271,0.08267236119585113,0.6585740283741381,0.1972115106369563,0.2767527675276753,0.23219814241486067,0.09853569249542404,0.7269372693726938,0.11193181818181819,0.5369127516778524,0.04980716702551813,0.9718940585464895,0.007835937653565453,0.0723447399913882,0.07913229463923196
PTB,MARx5,payer_obs,4.0,B4_logistic_pooled,3278,271,0.08267236119585113,0.6513363038518979,0.1815532458603863,0.24354243542435425,0.24175824175824176,0.08328248932275778,0.7306273062730627,0.11123595505617978,0.5430140329469189,0.08395393985081856,1.0763320783821069,0.007307729676295785,0.07290241884356852,0.07672319741689558
PTB,MARx5,foreign_born,0.0,T_oracle,75906,6707,0.08835928648591679,0.6737464003553943,0.20107646958764513,0.28432980468167585,0.23439036381514258,0.10718520275077069,0.8009542269270911,0.11224873584353713,0.6304903433193687,0.028636147155350268,0.9807675128764441,0.0033321033678365337,0.07658503255350735,0.08619282637064542
PTB,MARx5,foreign_born,0.0,B1_teacher_meanimp,75906,6707,0.08835928648591679,0.6688550397495835,0.1976896603031666,0.2825406291933801,0.23340312846409655,0.10696124153558348,0.7991650514387952,0.1113349812018362,0.6342449872210365,0.043043553287868276,0.9732484104920792,0.004299692166851524,0.07675148382221249,0.08511684049588374
PTB,MARx5,foreign_born,0.0,B2_teacher_iterimp,75906,6707,0.08835928648591679,0.6675259738481895,0.19286500766864323,0.2817951394065901,0.23267265788501784,0.10701393829209813,0.801997912628597,0.11044494179003347,0.6416225331330857,0.02791483617406165,0.959851570871017,0.003485684064896313,0.07688853255463172,0.08624592486113108
PTB,MARx5,foreign_born,0.0,B3_pooled,75906,6707,0.08835928648591679,0.6675536780279566,0.1945688627619013,0.27866408230207246,0.23139779621146464,0.1064079255921798,0.7976740718652154,0.11166304892302555,0.6312017495323163,0.025143321369523897,0.9646242994597876,0.003417784615424501,0.07687702135037053,0.086450872947486
PTB,MARx5,foreign_born,0.0,KD_pooled,75906,6707,0.08835928648591679,0.6693373312100817,0.1974099593098229,0.28552258834053973,0.23402175241354026,0.10780438963981767,0.7937975249739079,0.11165873198968143,0.6281585118435961,0.02813013586308166,0.9697774467327697,0.003206448570522963,0.07676454353270587,0.08622771341960973
PTB,MARx5,foreign_born,0.0,B4_logistic_pooled,75906,6707,0.08835928648591679,0.6448564793240925,0.1804084417660345,0.2658416579692858,0.21659378036929058,0.10844992490712196,0.8025943044580289,0.10517780382962094,0.6742549996047743,0.021234859957902853,0.9763724142099756,0.003907048369356837,0.07764972400316987,0.08673078428412542
PTB,MARx5,foreign_born,1.0,T_oracle,23948,1857,0.07754300985468515,0.6495824158294471,0.15652099890920335,0.2105546580506193,0.20102827763496145,0.08121763821613497,0.7436725901992461,0.10026864154505191,0.5751210957073659,-0.019687327354453606,0.9421390525773721,0.0025851329962690143,0.06935310486153454,0.07891190768520662
PTB,MARx5,foreign_born,1.0,B1_teacher_meanimp,23948,1857,0.07754300985468515,0.6456866609932621,0.15380460125453382,0.21324717285945072,0.20214395099540583,0.08180223818272925,0.7506731287022078,0.09883720930232558,0.5889427092032737,-0.01238816605609098,0.9403444072839086,0.0024892662104924776,0.06943618024986126,0.07840315323826492
PTB,MARx5,foreign_born,1.0,B2_teacher_iterimp,23948,1857,0.07754300985468515,0.643526420930782,0.14873444786996737,0.210016155088853,0.2009273570324575,0.08105060965425087,0.7393645665051157,0.09957212270650519,0.5757892099549022,-0.01702695285488677,0.9098287300450346,0.002760380823466319,0.06962467068293392,0.07872551051931372
PTB,MARx5,foreign_born,1.0,B3_pooled,23948,1857,0.07754300985468515,0.6393386956439813,0.14987475457421998,0.21270866989768444,0.19819367787255393,0.08322198095874395,0.7474421109316102,0.09643576738692419,0.6010105227993987,-0.03007657147873715,0.9205199678870103,0.002754965301756307,0.0696106769050805,0.07964789532492243
PTB,MARx5,foreign_born,1.0,KD_pooled,23948,1857,0.07754300985468515,0.6448223041388966,0.15299318159368142,0.2148626817447496,0.20598864223025296,0.08088358109236679,0.7442110931610124,0.09791696188181948,0.589360280607984,-0.02081490364608601,0.9379827125221512,0.002328579315315932,0.06947617301846155,0.07899340251369727
PTB,MARx5,foreign_born,1.0,B4_logistic_pooled,23948,1857,0.07754300985468515,0.6255636016948254,0.14533939188183792,0.19063004846526657,0.19677598665925514,0.07512109570736596,0.7366720516962844,0.09397540702067733,0.607858693836646,-0.010905011504356315,0.9175210116653164,0.003708109430409574,0.06984978769492975,0.07830292460763777
