outcome,mechanism,subgroup,level,model,n,events,prevalence,auroc,auprc,sens_alert,ppv_alert,rate_alert,sens_s80,ppv_s80,rate_s80,cal_intercept,cal_slope,ici,brier,mean_pred
LBW,MCAR,mracehisp,1.0,T_oracle,100148,5370,0.05362064145065303,0.6767734208879297,0.12643712305830865,0.1616387337057728,0.17889530090684255,0.0484482965211487,0.6687150837988827,0.08182936833470057,0.4381914766146104,0.01573619590552931,0.9789490292858966,0.0028093755418591966,0.04920116588649057,0.05285196509661125
LBW,MCAR,mracehisp,1.0,B1_teacher_meanimp,100148,5370,0.05362064145065303,0.6761813974147094,0.12610512200724378,0.16145251396648044,0.17865237997115185,0.04845828174302033,0.6677839851024209,0.08180490920704443,0.4377121859647721,0.016644199175314886,0.980095813479129,0.0027785617473288318,0.04921091251817005,0.05280773958389817
LBW,MCAR,mracehisp,1.0,B2_teacher_iterimp,100148,5370,0.05362064145065303,0.6754234613844061,0.12284347799089598,0.16089385474860335,0.17803420564599218,0.04845828174302033,0.6677839851024209,0.08192638961869732,0.4370631465431162,0.0033279396219063873,0.9651756645779053,0.0034189361396704406,0.04927406562134622,0.05345730670283889
LBW,MCAR,mracehisp,1.0,B3_pooled,100148,5370,0.05362064145065303,0.675709633406585,0.12563143797917264,0.16722532588454375,0.17356010823347506,0.05166353796381356,0.6685288640595903,0.08162986880101866,0.43914007269241523,0.00686206732817333,0.997624779663888,0.002458060294228977,0.04922795495698434,0.05328376253857115
LBW,MCAR,mracehisp,1.0,KD_pooled,100148,5370,0.05362064145065303,0.6764087855917973,0.12643163407992977,0.16387337057728119,0.1778496362166532,0.04940687782082518,0.6670391061452514,0.08212582538517975,0.43551543715301355,0.01387990286938146,0.9954415832114841,0.002690912831822233,0.04920514630452205,0.05294138537233955
LBW,MCAR,mracehisp,1.0,B4_logistic_pooled,100148,5370,0.05362064145065303,0.6389508160852453,0.10563151480274624,0.12160148975791434,0.16427672955974842,0.0396912569397292,0.6573556797020484,0.07465527451146266,0.47214123097815236,-0.019280079235366558,1.0414527048224027,0.004307060018671952,0.04978799180785994,0.054589277808479844
LBW,MCAR,mracehisp,7.0,T_oracle,54162,3584,0.06617185480595252,0.6423564437733726,0.1233295928996513,0.16266741071428573,0.16676201372997712,0.0645470994424135,0.80078125,0.0818316605839416,0.647538864886821,0.004033416971670063,0.9785945185225619,0.0014369742966744608,0.060497120361111476,0.06592864254925349
LBW,MCAR,mracehisp,7.0,B1_teacher_meanimp,54162,3584,0.06617185480595252,0.6418699471387546,0.12291978618752764,0.16071428571428573,0.1648540354894104,0.06451017318415125,0.8013392857142857,0.0817790939377545,0.6484066319559839,0.004277777705686969,0.9759414398798765,0.0013778712677058299,0.06051356038019644,0.06591391872971755
LBW,MCAR,mracehisp,7.0,B2_teacher_iterimp,54162,3584,0.06617185480595252,0.6412592335503366,0.12113121116276147,0.16043526785714285,0.1655152561888313,0.06414091060152875,0.7999441964285714,0.08190492515141126,0.6462833721059045,-0.01032772783439111,0.9563440941337228,0.002095605269587152,0.06056929984436557,0.06679786125479037
LBW,MCAR,mracehisp,7.0,B3_pooled,54162,3584,0.06617185480595252,0.6398650517429232,0.12181055977654802,0.16294642857142858,0.1718658034137728,0.06273771278756324,0.8013392857142857,0.0812148290586206,0.6529116354639785,0.010326459904911708,0.9882631772903513,0.001664018852413406,0.06053823522950622,0.06555025596029466
LBW,MCAR,mracehisp,7.0,KD_pooled,54162,3584,0.06617185480595252,0.6416025279024478,0.12312511730139751,0.16294642857142858,0.17071031862028646,0.06316236475757911,0.802734375,0.08161933671877217,0.6508068387430301,0.004753856644556849,0.9930895061200161,0.0014982253489323194,0.06049937233945913,0.06588506411178013
LBW,MCAR,mracehisp,7.0,B4_logistic_pooled,54162,3584,0.06617185480595252,0.608288651933647,0.108508314074233,0.13030133928571427,0.16572036905606813,0.05202909789151065,0.845703125,0.07374875301102217,0.7588161441601122,0.000742912269570271,0.9168175428847459,0.0032841480559472375,0.060994219575510246,0.06612673731730676
LBW,MCAR,mracehisp,3.0,T_oracle,1259,90,0.07148530579825259,0.6774356049805152,0.1704387330170822,0.3111111111111111,0.2014388489208633,0.11040508339952343,0.8,0.09326424870466321,0.6131850675138999,0.012193779646980346,0.9461530931001193,0.006683122988471952,0.06365259624649512,0.07071741485521517
LBW,MCAR,mracehisp,3.0,B1_teacher_meanimp,1259,90,0.07148530579825259,0.6818648417450812,0.17209532931078195,0.3111111111111111,0.1958041958041958,0.11358220810166798,0.8222222222222222,0.0959792477302205,0.6123907863383637,0.009737689571965722,0.9636386553666874,0.006701099372688716,0.06357960572533024,0.07087134341246792
LBW,MCAR,mracehisp,3.0,B2_teacher_iterimp,1259,90,0.07148530579825259,0.6819598897443209,0.17863704939303318,0.32222222222222224,0.20863309352517986,0.11040508339952343,0.7888888888888889,0.09329829172141918,0.6044479745830024,0.0018670814304162142,0.9545331435981068,0.006411372449740041,0.06344014571175151,0.07136772597200357
LBW,MCAR,mracehisp,3.0,B3_pooled,1259,90,0.07148530579825259,0.6821499857428001,0.18166004068487374,0.32222222222222224,0.19333333333333333,0.11914217633042097,0.8111111111111111,0.0946822308690013,0.6123907863383637,0.02407743131766188,1.0105158751833785,0.005662756353769299,0.0633612724545284,0.06997155560751846
LBW,MCAR,mracehisp,3.0,KD_pooled,1259,90,0.07148530579825259,0.6837848113297215,0.18199021910897079,0.3111111111111111,0.2014388489208633,0.11040508339952343,0.8333333333333334,0.09433962264150944,0.6314535345512311,0.013602511852468944,1.0102737107644022,0.006844994013655818,0.06339707626390699,0.07062675983655128
LBW,MCAR,mracehisp,3.0,B4_logistic_pooled,1259,90,0.07148530579825259,0.6738998194088016,0.1700308126204564,0.24444444444444444,0.1774193548387097,0.09849086576648133,0.9,0.09204545454545454,0.698967434471803,0.030866864179631023,1.0927958930767376,0.013692349950008243,0.06393521284127097,0.0695257008450296
LBW,MCAR,mracehisp,2.0,T_oracle,25508,3210,0.125842872824212,0.6573491985786413,0.23030995663425877,0.5710280373831775,0.18828967642526964,0.3816449741257645,0.985981308411215,0.1306501547987616,0.9497020542574879,0.02206817666669902,0.9694658408968444,0.003245593096003833,0.10540907040778633,0.1235398713217097
LBW,MCAR,mracehisp,2.0,B1_teacher_meanimp,25508,3210,0.125842872824212,0.6570050287398476,0.22923520405812925,0.5722741433021807,0.18837161607875308,0.38231143170769954,0.9856697819314642,0.13043657500927566,0.9509565626470127,0.022722578179658923,0.9660739598813496,0.0033784685883437456,0.10545752984236549,0.12347197886205998
LBW,MCAR,mracehisp,2.0,B2_teacher_iterimp,25508,3210,0.125842872824212,0.6561562734626326,0.22597288099357787,0.5657320872274143,0.18885191347753744,0.3769797710522189,0.9847352024922118,0.13070084763283027,0.9481339187705817,0.017384464570371853,0.954478640238,0.003515968008850318,0.10556387837711646,0.12402691634133478
LBW,MCAR,mracehisp,2.0,B3_pooled,25508,3210,0.125842872824212,0.6559624111685693,0.22673513922198496,0.5744548286604362,0.19071258661702348,0.37905755057236945,0.9897196261682243,0.12918835393623943,0.9640896973498511,0.011339614174521338,0.9857905623793027,0.00146057661232196,0.1055492365353089,0.12465217900168768
LBW,MCAR,mracehisp,2.0,KD_pooled,25508,3210,0.125842872824212,0.6567732699718261,0.22821920686638514,0.5747663551401869,0.19006902235500153,0.3805472792849302,0.9856697819314642,0.12955531897469494,0.9574251215305002,0.016822348851472286,0.9765724204693319,0.002736719905439116,0.10547684949910845,0.12408165019953611
LBW,MCAR,mracehisp,2.0,B4_logistic_pooled,25508,3210,0.125842872824212,0.633622569002319,0.20560827499471093,0.6227414330218068,0.17097160451590832,0.4583660028226439,0.9940809968847352,0.12708590545222828,0.9843578485181119,-0.010620779303556363,0.8611103998156734,0.005438103448047411,0.10709209351094047,0.12696610425581362
LBW,MCAR,mracehisp,6.0,T_oracle,5013,344,0.06862158388190705,0.6474246265571534,0.12754971930340941,0.2180232558139535,0.14763779527559054,0.10133652503490924,0.8226744186046512,0.08148574719262885,0.6927987233193696,-0.08770053878788774,0.8557687547679678,0.0067808282580344385,0.06272428960069007,0.07425178599838865
LBW,MCAR,mracehisp,6.0,B1_teacher_meanimp,5013,344,0.06862158388190705,0.6490789073901587,0.12821326676006053,0.2180232558139535,0.15030060120240482,0.099541192898464,0.8284883720930233,0.08187302499281815,0.694394574107321,-0.08411491631291595,0.8722124229468807,0.006292429348761047,0.06267275140858226,0.07401799822594021
LBW,MCAR,mracehisp,6.0,B2_teacher_iterimp,5013,344,0.06862158388190705,0.6487233957771944,0.12192771001333534,0.2180232558139535,0.14792899408284024,0.10113704368641532,0.8401162790697675,0.08323732718894009,0.6925992419708757,-0.10701362193813262,0.842059068913772,0.007156747672960399,0.06296160164881463,0.07553675479796938
LBW,MCAR,mracehisp,6.0,B3_pooled,5013,344,0.06862158388190705,0.6457560256416642,0.12521943315057912,0.19767441860465115,0.14623655913978495,0.09275882704967085,0.8226744186046512,0.08410104011887073,0.6712547376820267,-0.04527693964168924,0.854765950409968,0.004849276547173923,0.06272220342945886,0.07147718571348165
LBW,MCAR,mracehisp,6.0,KD_pooled,5013,344,0.06862158388190705,0.6439902972101988,0.12507006879532187,0.19767441860465115,0.1419624217118998,0.09555156592858567,0.8343023255813954,0.08237657864523536,0.6949930181528027,-0.07448334126780223,0.86159720004409,0.005243622945907216,0.0627634724587713,0.07338551011317838
LBW,MCAR,mracehisp,6.0,B4_logistic_pooled,5013,344,0.06862158388190705,0.610567847305583,0.11730282033949843,0.14244186046511628,0.12189054726368159,0.08019150209455415,0.875,0.07713992824192721,0.7783762218232595,-0.03940974237168582,0.8161119485599142,0.005725381594827188,0.06314248478263795,0.07112601413426983
LBW,MCAR,mracehisp,4.0,T_oracle,12584,1069,0.08494914176732359,0.6111576919843031,0.1421865568573616,0.15715622076707203,0.17355371900826447,0.07692307692307693,0.9270346117867165,0.0893517266251916,0.8813572790845519,0.07478578717429574,0.9547954021210353,0.005987727532586693,0.0763728274320282,0.07941173311938429
LBW,MCAR,mracehisp,4.0,B1_teacher_meanimp,12584,1069,0.08494914176732359,0.6117850511818683,0.1427037860975844,0.15622076707202995,0.17181069958847736,0.07724094087730451,0.9260991580916744,0.08894079597520438,0.8845359186268277,0.07176070936911162,0.9581912425060324,0.005905199202652764,0.07635980035862842,0.07962884076144447
LBW,MCAR,mracehisp,4.0,B2_teacher_iterimp,12584,1069,0.08494914176732359,0.6086917580558485,0.13831435300146222,0.1618334892422825,0.17196819085487078,0.07994278448823904,0.9317118802619271,0.08819622775170459,0.8974094087730451,0.038229315397540625,0.9380074013578242,0.004145803738365405,0.07644982984770313,0.08207623620390268
LBW,MCAR,mracehisp,4.0,B3_pooled,12584,1069,0.08494914176732359,0.6107547116930087,0.14058554311450377,0.146866230121609,0.18938480096501809,0.06587730451366815,0.9391955098222639,0.08846594413604723,0.9018595041322314,0.07495102377785624,0.9830433717998269,0.005849892162669061,0.0763915672981407,0.07939697963776467
LBW,MCAR,mracehisp,4.0,KD_pooled,12584,1069,0.08494914176732359,0.6151465510273134,0.14426301005275688,0.15341440598690365,0.18181818181818182,0.07167832167832168,0.9401309635173059,0.08932539329837348,0.8940718372536555,0.06955768613840611,1.0095705491102493,0.0054303322038664475,0.07628625254136505,0.07978374874150586
LBW,MCAR,mracehisp,4.0,B4_logistic_pooled,12584,1069,0.08494914176732359,0.565278582822178,0.12221244075674731,0.1449953227315248,0.13901345291479822,0.08860457724094088,0.9569691300280636,0.08637284701114488,0.9411951684678957,0.07812010547445937,0.6939181197249176,0.011008185999893163,0.07714256020888922,0.07917764520436718
LBW,MCAR,mage_band,20-34,T_oracle,150412,9819,0.06528069568917373,0.6798405846989167,0.1480127524070228,0.23169365515836643,0.17668530599565083,0.08560487195170598,0.7761482839393014,0.08971581946177572,0.5647554716379012,0.013223281160388569,0.985528516760721,0.0023815942607805203,0.05887983291115354,0.06450678167952167
LBW,MCAR,mage_band,20-34,B1_teacher_meanimp,150412,9819,0.06528069568917373,0.6794502313733143,0.14781036463461733,0.23108259496893777,0.17617827471076947,0.08562481716884292,0.7755372237498727,0.08965468523729353,0.5646956359864904,0.014246766781874615,0.9857216000329497,0.002428818472998667,0.05888809327004986,0.06444711179391786
LBW,MCAR,mage_band,20-34,B2_teacher_iterimp,150412,9819,0.06528069568917373,0.6784116315891419,0.1441695404238769,0.2304715347795091,0.17653483111007098,0.0852259128261043,0.7741114166412059,0.08965346417871718,0.5636651331010823,5.4908216970859e-05,0.9715317748222715,0.0024055620460587254,0.05897111648919739,0.06527746664619292
LBW,MCAR,mage_band,20-34,B3_pooled,150412,9819,0.06528069568917373,0.6790440325028724,0.1463941205591357,0.2340360525511763,0.17894408970565331,0.08537882615748743,0.7798146450758733,0.08900900900900902,0.5719291014014839,0.008015831719554493,1.0019090784338762,0.001658079754120798,0.05891545854284036,0.06480993583617374
LBW,MCAR,mage_band,20-34,KD_pooled,150412,9819,0.06528069568917373,0.6798874096258392,0.14763999279418358,0.2340360525511763,0.17883268482490272,0.08543201340318592,0.7781851512373968,0.08957270968876385,0.5671422492886206,0.010359902213726182,0.9992735595814907,0.0018406057694732858,0.05888419641039693,0.06467309424564151
LBW,MCAR,mage_band,20-34,B4_logistic_pooled,150412,9819,0.06528069568917373,0.6517787611599183,0.1300976183536796,0.22935125776555657,0.16153790976257085,0.09268542403531634,0.8010999083409716,0.08207942901266774,0.6371433130335346,-0.03046009129853933,0.9715912658503394,0.002222508133742034,0.059516140058120566,0.0671093302901586
LBW,MCAR,mage_band,35+,T_oracle,41991,3174,0.07558762591983996,0.689414622559877,0.1723090794684699,0.31568998109640833,0.18721973094170405,0.1274558834035865,0.8456206679269062,0.09828261745212201,0.6503536472101165,0.017721963734362172,0.9442242491658084,0.003846083074344562,0.06695445929157438,0.07441686351416667
LBW,MCAR,mage_band,35+,B1_teacher_meanimp,41991,3174,0.07558762591983996,0.6888562409051089,0.171499177361431,0.31695022054190297,0.18740685543964233,0.1278369174346884,0.8471959672337744,0.09815301503869178,0.652425519754233,0.01554147990515443,0.9428855535294525,0.0038650252811716994,0.06697920867576992,0.07455978278107905
LBW,MCAR,mage_band,35+,B2_teacher_iterimp,41991,3174,0.07558762591983996,0.6882127370024558,0.16818967010520974,0.315059861373661,0.1849112426035503,0.12878950251244314,0.8528670447385003,0.09821137031527773,0.6564025624538592,-0.0024607780759786364,0.938976541375654,0.003876599837181101,0.0670669707560971,0.0757515706948317
LBW,MCAR,mage_band,35+,B3_pooled,41991,3174,0.07558762591983996,0.6863067129056399,0.16994316035671936,0.3134845620667927,0.18508184523809523,0.12802743445023934,0.8437303087586642,0.09835102280656653,0.648448477054607,0.01781314983440685,0.9411213645742849,0.0039263546530337425,0.06704479229246733,0.07441007755044983
LBW,MCAR,mage_band,35+,KD_pooled,41991,3174,0.07558762591983996,0.6883282759963669,0.17117338497107673,0.3115942028985507,0.18748815165876778,0.12562215712890856,0.8459357277882797,0.09848512636173569,0.6492581743706984,0.019045464490058447,0.9504055224503308,0.0034251269623599497,0.06696725041628121,0.0743288293043113
LBW,MCAR,mage_band,35+,B4_logistic_pooled,41991,3174,0.07558762591983996,0.6582925773286212,0.15318138804844406,0.2851291745431632,0.17481166698860343,0.12328832368840942,0.8289224952741021,0.09241955880286637,0.6779547998380605,0.0215875244339257,0.8946022830166875,0.005107555164011214,0.06779117205455693,0.07415669115650186
LBW,MCAR,mage_band,<20,T_oracle,7597,759,0.09990785836514414,0.6688460324598529,0.19011277286921552,0.3952569169960474,0.18773466833541927,0.21034618928524418,0.9749670619235836,0.10361243349201904,0.9401079373436882,0.02440992062242495,1.1751925580276121,0.009063020171913856,0.08666109265591215,0.09779237461857011
LBW,MCAR,mage_band,<20,B1_teacher_meanimp,7597,759,0.09990785836514414,0.668956725205692,0.18940445206181303,0.391304347826087,0.18620689655172415,0.20995129656443332,0.9749670619235836,0.10364145658263306,0.9398446755298144,0.027965295756119318,1.173471569444348,0.009196388084977856,0.08669498018134844,0.09748733349648799
LBW,MCAR,mage_band,<20,B2_teacher_iterimp,7597,759,0.09990785836514414,0.6701423610830124,0.19122143791824306,0.391304347826087,0.18953414167198468,0.20626563117019875,0.9736495388669302,0.10364656381486675,0.9385283664604449,0.016315704061066416,1.1519934769365903,0.008996971383350757,0.08663044709324816,0.09849201460172312
LBW,MCAR,mage_band,<20,B3_pooled,7597,759,0.09990785836514414,0.6697633660768063,0.19208194632274056,0.4057971014492754,0.19130434782608696,0.21192576016848755,0.9802371541501976,0.10357789224557984,0.9455048045281031,0.02666919140147296,1.2020193346369383,0.009217936885040592,0.08660126160340263,0.09759673297073065
LBW,MCAR,mage_band,<20,KD_pooled,7597,759,0.09990785836514414,0.6687685764392658,0.19236883450659603,0.4031620553359684,0.19136960600375236,0.21047782019218111,0.9789196310935442,0.10358288024536456,0.9441884954587337,0.021684410143024913,1.205941293085241,0.009120384971188028,0.08662650259714358,0.09802403003449586
LBW,MCAR,mage_band,<20,B4_logistic_pooled,7597,759,0.09990785836514414,0.6438997025457598,0.16690466634872175,0.2845849802371542,0.18430034129692832,0.15427142293010399,0.9736495388669302,0.10563178959405374,0.9208898249308938,0.20996765866654538,1.1449498471767643,0.01751096199898782,0.08814432304341153,0.08284181717306101
LBW,MCAR,payer_obs,2.0,T_oracle,105036,6236,0.05937012072051487,0.6763383265965155,0.12904964933365726,0.17398973701090442,0.17304625199362042,0.059693819261967325,0.7461513790891597,0.0842843169220737,0.5255912258654176,0.018089283338276304,0.9962790161267273,0.00221024157543418,0.054218363117351474,0.058397033236799296
LBW,MCAR,payer_obs,2.0,B1_teacher_meanimp,105036,6236,0.05937012072051487,0.6761058276612487,0.12846837320918728,0.17431045542014112,0.17251229963497858,0.05998895616740927,0.7469531751122515,0.08424517552585412,0.5264004722190487,0.016934916689370534,0.9951185811408644,0.0023219255635062116,0.05423061689374744,0.05845865462512476
LBW,MCAR,payer_obs,2.0,B2_teacher_iterimp,105036,6236,0.05937012072051487,0.6750362780239071,0.1260283121689211,0.17302758178319436,0.16981429021089078,0.060493545070261626,0.7480756895445798,0.0841920987565197,0.5275238965687955,-0.0011419407590277872,0.9788703418207169,0.0024412932070497655,0.054289467690418695,0.05943201867329919
LBW,MCAR,payer_obs,2.0,B3_pooled,105036,6236,0.05937012072051487,0.67481447673558,0.127024680300273,0.17334830019243105,0.17441110035495322,0.05900833999771507,0.7443874278383579,0.08357338326371885,0.5288091701892684,0.016749428368797503,1.004389371237407,0.0022942266413071223,0.05427234924364407,0.058467838396528575
LBW,MCAR,payer_obs,2.0,KD_pooled,105036,6236,0.05937012072051487,0.6764604682099238,0.1286166033076968,0.1749518922386145,0.17503609818706883,0.05934155908450436,0.7429441949967928,0.08436828495465637,0.5228112266270611,0.018334694881872653,1.003936771607283,0.002453136371390145,0.05422749532684903,0.05838353564768707
LBW,MCAR,payer_obs,2.0,B4_logistic_pooled,105036,6236,0.05937012072051487,0.642769649358693,0.1143564950493271,0.14239897370109045,0.16113228089275994,0.05246772535130812,0.7126363053239256,0.07985337454179545,0.5298373890856468,0.018045132997138055,1.0024773292493627,0.0036622682801884495,0.05472812928587082,0.05839184620631902
LBW,MCAR,payer_obs,1.0,T_oracle,79152,6559,0.08286587831008692,0.6771491130249948,0.17937099742387982,0.34776642780911726,0.18395161290322581,0.156660602385284,0.870254611983534,0.10054606306147613,0.7172276126945624,0.004475677487447409,0.9761081398027395,0.00175639818689124,0.07288919871842792,0.08254087873885022
LBW,MCAR,payer_obs,1.0,B1_teacher_meanimp,79152,6559,0.08286587831008692,0.6768190749492489,0.17909636157473913,0.3470041164811709,0.18381521563560008,0.1564331918334344,0.8694923006555877,0.1004880799252903,0.71701283606226,0.006479203664584223,0.9756420725814555,0.0018610461663965366,0.07289961371752318,0.08239569385524707
LBW,MCAR,payer_obs,1.0,B2_teacher_iterimp,79152,6559,0.08286587831008692,0.6757681148512467,0.17531674029980068,0.34532703155968897,0.18488286670475879,0.15477814837275117,0.8675102912029273,0.10074005877978826,0.7135890438649687,-0.0026540334821536227,0.9623746434255559,0.001957554608602301,0.07300434325486177,0.08305903447530612
LBW,MCAR,payer_obs,1.0,B3_pooled,79152,6559,0.08286587831008692,0.6762956914585472,0.17795604893314534,0.35203537124561673,0.18472,0.15792399434000404,0.8777252629974082,0.0999583289926034,0.7276379624014554,-0.001309814499258807,0.989677638824969,0.0018277571597713138,0.07292310407907783,0.08296134078979657
LBW,MCAR,payer_obs,1.0,KD_pooled,79152,6559,0.08286587831008692,0.6765239343568006,0.17880345182820617,0.3492910504650099,0.1857768407395394,0.1558014958560744,0.876505564872694,0.10015504956359646,0.7251996159288457,0.0014321952273091982,0.9922268281651874,0.002020833977290105,0.07289083073067276,0.08276159607889036
LBW,MCAR,payer_obs,1.0,B4_logistic_pooled,79152,6559,0.08286587831008692,0.6517632878589121,0.15818289678556444,0.3529501448391523,0.1666426720414627,0.17551041034970688,0.9257508766580271,0.0910126506385275,0.8428845765110168,-0.03502127722271518,0.9287739811197958,0.0033233971368590125,0.07385329729598321,0.0854653805159145
LBW,MCAR,payer_obs,3.0,T_oracle,9219,520,0.05640525002711791,0.7103056717394571,0.15327439954453564,0.22115384615384615,0.17611026033690658,0.07083197743789998,0.7057692307692308,0.09463641052088706,0.42065299924069854,0.05305876135642295,0.9719346955910511,0.003425103918118094,0.05091714558699309,0.053767171531772774
LBW,MCAR,payer_obs,3.0,B1_teacher_meanimp,9219,520,0.05640525002711791,0.7096688832491798,0.15411687939367497,0.22115384615384615,0.17557251908396945,0.07104892070723506,0.7057692307692308,0.09441728839722151,0.42162924395270635,0.052777113266244464,0.9730896863433378,0.0034859412657305615,0.05092097812004459,0.05377966211682779
LBW,MCAR,payer_obs,3.0,B2_teacher_iterimp,9219,520,0.05640525002711791,0.7112907540212403,0.14690913346135712,0.225,0.1751497005988024,0.07245905195791301,0.7134615384615385,0.09307576517812344,0.43236793578479227,0.016214484837881012,0.949708432378874,0.0029614517793077823,0.05105907144409242,0.055589517508192694
LBW,MCAR,payer_obs,3.0,B3_pooled,9219,520,0.05640525002711791,0.7091998859285329,0.1541065500487828,0.2173076923076923,0.18494271685761046,0.06627616878186354,0.7038461538461539,0.09476954945624029,0.418917453086018,0.047857252552349586,1.0303006690757543,0.003477492070660249,0.050921646969220746,0.05401031517051372
LBW,MCAR,payer_obs,3.0,KD_pooled,9219,520,0.05640525002711791,0.710303682120845,0.1564906313336477,0.2173076923076923,0.17993630573248406,0.06812018657121163,0.7038461538461539,0.09442724458204334,0.42043605597136346,0.04551798457746014,1.0141341440024625,0.00324029510062473,0.0508707418797012,0.05412889040463695
LBW,MCAR,payer_obs,3.0,B4_logistic_pooled,9219,520,0.05640525002711791,0.6717966034999603,0.126332368925724,0.14423076923076922,0.19480519480519481,0.04176157934700076,0.7230769230769231,0.07812175358404322,0.5220739776548433,0.008973122132443232,1.2177972277691407,0.0070023716535498656,0.05181556407759545,0.055938702081614486
LBW,MCAR,payer_obs,4.0,T_oracle,6593,437,0.06628242074927954,0.6691285910343279,0.16503634245225546,0.21967963386727687,0.1908548707753479,0.07629303807068102,0.7254004576659039,0.08947219870166526,0.5373881389352343,0.07712059134344294,0.9539946397066177,0.005884287710111688,0.05952850573794433,0.0618254604021732
LBW,MCAR,payer_obs,4.0,B1_teacher_meanimp,6593,437,0.06628242074927954,0.6677043326597705,0.16296514851750052,0.2151029748283753,0.1865079365079365,0.07644471409070226,0.7231121281464531,0.08921513269339357,0.5372364629152131,0.07816328060937248,0.9459846186845405,0.005891735752513284,0.05958801798376403,0.06176674930831617
LBW,MCAR,payer_obs,4.0,B2_teacher_iterimp,6593,437,0.06628242074927954,0.6697601491651836,0.16030855042097072,0.22654462242562928,0.19001919385796545,0.07902320643106325,0.7345537757437071,0.08921623123957755,0.5457303200364022,0.048396456938386526,0.9391216205203904,0.00571221915450812,0.059578699177477844,0.06345705765160421
LBW,MCAR,payer_obs,4.0,B3_pooled,6593,437,0.06628242074927954,0.6700868940722006,0.1631933670022083,0.2242562929061785,0.18882466281310212,0.07871985439102078,0.7185354691075515,0.09135874308990398,0.5213104808129835,0.07469863965060682,0.9765216867632414,0.005115895294098546,0.059574235593498504,0.06195707571991893
LBW,MCAR,payer_obs,4.0,KD_pooled,6593,437,0.06628242074927954,0.6689100176494291,0.1622654612134254,0.2242562929061785,0.18455743879472694,0.08053996663127559,0.7345537757437071,0.0904225352112676,0.538449871075383,0.06713034161798162,0.9569145045029398,0.005232816239460045,0.05956946767891645,0.062385368633049734
LBW,MCAR,payer_obs,4.0,B4_logistic_pooled,6593,437,0.06628242074927954,0.6555580832749728,0.14269203002436145,0.21739130434782608,0.1892430278884462,0.07614136205065979,0.7871853546910755,0.08355598736944377,0.624450174427423,0.03413720289354303,1.0537535038640566,0.005389657646036537,0.06013127951645459,0.06425160621974176
LBW,MCAR,foreign_born,0.0,T_oracle,152154,10537,0.06925220500282608,0.6948002033957057,0.16548856316295127,0.2950555186485717,0.1841715538179018,0.11094680389605269,0.8005124798329696,0.09590022283869207,0.5780722163071624,0.012784480465739,0.9892215931872891,0.001534010759035258,0.06169234619579703,0.06846791050257245
LBW,MCAR,foreign_born,0.0,B1_teacher_meanimp,152154,10537,0.06925220500282608,0.6944117890539595,0.16506771032983053,0.294581000284711,0.18387536283395534,0.11094680389605269,0.800132865141881,0.09585583537035984,0.5780656440185601,0.013770018326949865,0.9891667998246008,0.00152437821966069,0.061705670498598174,0.0684076338610985
LBW,MCAR,foreign_born,0.0,B2_teacher_iterimp,152154,10537,0.06925220500282608,0.6935276412892795,0.1616672400741925,0.2932523488659011,0.18350258328879387,0.11067076777475453,0.800797190851286,0.0958112389149417,0.5788148849192266,-0.0014911511695625387,0.9795826504437443,0.0017948305229753118,0.061786628497423175,0.06934417659051623
LBW,MCAR,foreign_born,0.0,B3_pooled,152154,10537,0.06925220500282608,0.6938760309919768,0.1637330658036743,0.2956249406852045,0.1844614200272399,0.11098623762766671,0.8010819018696024,0.09564113894648583,0.5800504751764659,0.011104501933137587,1.0013333224734156,0.0016263177810293726,0.06173953323785482,0.0685696930760395
LBW,MCAR,foreign_born,0.0,KD_pooled,152154,10537,0.06925220500282608,0.6945189044116077,0.16502084267304087,0.2963841700673816,0.18537425060841692,0.11072334608357322,0.8005124798329696,0.09592421588918962,0.577927625957911,0.0121211030425879,1.0005855390255252,0.0016926160538068807,0.06169946049099034,0.06850764916753284
LBW,MCAR,foreign_born,0.0,B4_logistic_pooled,152154,10537,0.06925220500282608,0.6686428836245718,0.145396098083661,0.27531555471196734,0.16932236035720538,0.11260302062384163,0.8188288886779919,0.08856679463754132,0.6402592110624762,-0.01388665427115254,0.9915571739968178,0.003321657663333323,0.0624730375640292,0.07012112858020447
LBW,MCAR,foreign_born,1.0,T_oracle,47575,3189,0.06703100367840252,0.644390867640995,0.12119861983365374,0.14455942301661964,0.15836482308485056,0.06118759852863899,0.8121668234556287,0.08288265224487183,0.6568365738307935,0.01994056368021219,0.9419470756123397,0.002901046231641764,0.061300207864662705,0.06582341399713636
LBW,MCAR,foreign_born,1.0,B1_teacher_meanimp,47575,3189,0.06703100367840252,0.644102532224042,0.12093145738025354,0.14455942301661964,0.15755297334244703,0.0615028901734104,0.8131075572279711,0.0827746919491796,0.6584550709406201,0.018580145450561743,0.9399121860444698,0.0028062686616531275,0.061309579588005356,0.06590515925859947
LBW,MCAR,foreign_born,1.0,B2_teacher_iterimp,47575,3189,0.06703100367840252,0.6433378813647943,0.11930592851445782,0.14550015678896205,0.1582537517053206,0.06162900683131897,0.8118532455315146,0.08288778613734593,0.6565423016290068,0.003687891834074114,0.9228438403273136,0.002459369350182771,0.0613691226754756,0.06680632722639433
LBW,MCAR,foreign_born,1.0,B3_pooled,47575,3189,0.06703100367840252,0.6420098732749842,0.1202237424341407,0.15051740357478832,0.16557433597792343,0.06093536521282186,0.8212605832549389,0.08186933416692717,0.6724119810825013,0.010020542153576525,0.9527767669588068,0.0024689973578819894,0.06133250551369015,0.06642106400552286
LBW,MCAR,foreign_born,1.0,KD_pooled,47575,3189,0.06703100367840252,0.644430536456475,0.12120358109424273,0.14518657886484793,0.1629707849348821,0.05971623751970573,0.8196926936343681,0.08266135407772823,0.6646978455070941,0.013847939391201866,0.957547287015166,0.0024007740684537397,0.06129760608477741,0.06618961665811994
LBW,MCAR,foreign_born,1.0,B4_logistic_pooled,47575,3189,0.06703100367840252,0.6074107500752012,0.10904060088824154,0.1458137347130762,0.14932562620423892,0.06545454545454546,0.8109125117591721,0.07680655796132942,0.7077036258539149,0.01491385617140412,0.8188949536117117,0.005947945911454334,0.06177497980460713,0.0661235758701534
LBW,MAR,mracehisp,1.0,T_oracle,100148,5370,0.05362064145065303,0.6767734208879297,0.12643712305830865,0.1616387337057728,0.17889530090684255,0.0484482965211487,0.6687150837988827,0.08182936833470057,0.4381914766146104,0.01573619590552931,0.9789490292858966,0.0028093755418591966,0.04920116588649057,0.05285196509661125
LBW,MAR,mracehisp,1.0,B1_teacher_meanimp,100148,5370,0.05362064145065303,0.6763525893872628,0.12656965480362944,0.1616387337057728,0.17805128205128204,0.04867795662419619,0.6677839851024209,0.08179931111567326,0.43774214163038705,0.017770927812927387,0.9811578463480294,0.003013120210043489,0.04920028004455484,0.05275309442250486
LBW,MAR,mracehisp,1.0,B2_teacher_iterimp,100148,5370,0.05362064145065303,0.6753751695670837,0.12299363219239307,0.1610800744878957,0.17725409836065573,0.04872788273355434,0.668901303538175,0.08179251297932416,0.4385110037145025,0.0024237560678477574,0.9659155314216226,0.0035118602313599354,0.049270599001290806,0.05350163398420553
LBW,MAR,mracehisp,1.0,B3_pooled,100148,5370,0.05362064145065303,0.6757513971785405,0.12655953987642962,0.16685288640595902,0.17327402823438406,0.051633582298198664,0.6651769087523277,0.08198113424066467,0.4350661021687902,0.005883398851918545,1.0034553433009743,0.0023875877849699975,0.04920997410385458,0.05333161958598981
LBW,MAR,mracehisp,1.0,KD_pooled,100148,5370,0.05362064145065303,0.6762751163721099,0.12678691427259475,0.16256983240223463,0.17761953204476094,0.04907736549906139,0.6677839851024209,0.0827754951294954,0.4325797819227543,0.014578267942458627,0.9937863699077427,0.002725069791996036,0.04919570818582206,0.05290750487890122
LBW,MAR,mracehisp,1.0,B4_logistic_pooled,100148,5370,0.05362064145065303,0.6390667608512814,0.1057444855728431,0.12141527001862197,0.16414904330312186,0.03966130127411431,0.6521415270018622,0.0745629910362595,0.46897591564484564,-0.01934914223501076,1.0422141071879263,0.004059609488597137,0.04978660245919522,0.0545928002433269
LBW,MAR,mracehisp,7.0,T_oracle,54162,3584,0.06617185480595252,0.6423564437733726,0.1233295928996513,0.16266741071428573,0.16676201372997712,0.0645470994424135,0.80078125,0.0818316605839416,0.647538864886821,0.004033416971670063,0.9785945185225619,0.0014369742966744608,0.060497120361111476,0.06592864254925349
LBW,MAR,mracehisp,7.0,B1_teacher_meanimp,54162,3584,0.06617185480595252,0.6415697566267873,0.12249318624706512,0.16127232142857142,0.16341532372066722,0.06530408773678963,0.8021763392857143,0.08188783502805548,0.6482220006646726,0.004012583323594233,0.974269898131197,0.001515771886278831,0.06052118995802964,0.06592987482754023
LBW,MAR,mracehisp,7.0,B2_teacher_iterimp,54162,3584,0.06617185480595252,0.6405684025919302,0.1206782864373457,0.16015625,0.16409376786735277,0.06458402570067576,0.7999441964285714,0.08201973966528393,0.6453786787784794,-0.008390970425751064,0.9531701186597944,0.0018885295813131035,0.060585760601618695,0.06668014408316016
LBW,MAR,mracehisp,7.0,B3_pooled,54162,3584,0.06617185480595252,0.6399211278336714,0.12123001830024564,0.16183035714285715,0.17159763313609466,0.06240537646320298,0.806640625,0.08126493323963457,0.656825818839777,0.005189016811787326,1.0003634663254688,0.0020207863934256012,0.060547042393995755,0.06585866730636167
LBW,MAR,mracehisp,7.0,KD_pooled,54162,3584,0.06617185480595252,0.6408020906667141,0.12206415217004889,0.162109375,0.16652335912869018,0.06441785753849562,0.8016183035714286,0.08134201585503964,0.65211772091134,0.0026315546775035107,0.9841329661165106,0.001850080437740267,0.06053321691184258,0.06601295140889776
LBW,MAR,mracehisp,7.0,B4_logistic_pooled,54162,3584,0.06617185480595252,0.6084565078363758,0.10813606332038528,0.13030133928571427,0.16554413328606876,0.05208448727890403,0.8473772321428571,0.0739199221126932,0.7585576603522765,-0.000987412220666874,0.9166907854953217,0.003121963443092649,0.06100194441931716,0.06623186761154311
LBW,MAR,mracehisp,3.0,T_oracle,1259,90,0.07148530579825259,0.6774356049805152,0.1704387330170822,0.3111111111111111,0.2014388489208633,0.11040508339952343,0.8,0.09326424870466321,0.6131850675138999,0.012193779646980346,0.9461530931001193,0.006683122988471952,0.06365259624649512,0.07071741485521517
LBW,MAR,mracehisp,3.0,B1_teacher_meanimp,1259,90,0.07148530579825259,0.6811995057504039,0.16977377049515494,0.3111111111111111,0.19858156028368795,0.11199364575059571,0.8,0.09314359637774904,0.613979348689436,0.01527048887693316,0.962707984722536,0.006750074495511285,0.06363985819632363,0.07052421142286243
LBW,MAR,mracehisp,3.0,B2_teacher_iterimp,1259,90,0.07148530579825259,0.6822260241421918,0.17349582641814001,0.32222222222222224,0.20714285714285716,0.11119936457505956,0.7888888888888889,0.09281045751633987,0.607625099285147,0.00793350928324314,0.9556343686228296,0.0054639124078423385,0.06361628503474294,0.0709862387843292
LBW,MAR,mracehisp,3.0,B3_pooled,1259,90,0.07148530579825259,0.6881380096948959,0.17333870826304976,0.3,0.1875,0.11437648927720413,0.8444444444444444,0.09595959595959595,0.6290706910246228,0.012865243333655787,1.038330710158568,0.006652981416508842,0.06344799469459154,0.0706710781236022
LBW,MAR,mracehisp,3.0,KD_pooled,1259,90,0.07148530579825259,0.6815606881475147,0.17557135108028396,0.3111111111111111,0.19718309859154928,0.11278792692613185,0.8333333333333334,0.09457755359394704,0.6298649722001588,0.020713358863138947,1.0013762810096827,0.006321831120264914,0.06348389394621337,0.07018147583026088
LBW,MAR,mracehisp,3.0,B4_logistic_pooled,1259,90,0.07148530579825259,0.675981370592149,0.1671489866063484,0.24444444444444444,0.176,0.09928514694201747,0.9111111111111111,0.09297052154195011,0.7005559968228753,0.035828985392098944,1.1019501441848996,0.015551600104623984,0.063932128275762,0.06921492972380294
LBW,MAR,mracehisp,2.0,T_oracle,25508,3210,0.125842872824212,0.6573491985786413,0.23030995663425877,0.5710280373831775,0.18828967642526964,0.3816449741257645,0.985981308411215,0.1306501547987616,0.9497020542574879,0.02206817666669902,0.9694658408968444,0.003245593096003833,0.10540907040778633,0.1235398713217097
LBW,MAR,mracehisp,2.0,B1_teacher_meanimp,25508,3210,0.125842872824212,0.6568377323979435,0.22943049638666504,0.573208722741433,0.1888147768086198,0.38203700799749096,0.9869158878504672,0.1305799431185854,0.9511133761957034,0.02468768108117578,0.9709140732748949,0.003040577720400384,0.1054514843944974,0.12326776272142993
LBW,MAR,mracehisp,2.0,B2_teacher_iterimp,25508,3210,0.125842872824212,0.6557985377339907,0.22560922866889294,0.5632398753894081,0.1885493794973407,0.3759212795985573,0.9856697819314642,0.13083030102547138,0.9480947153834092,0.0204623387779533,0.9552136721276548,0.00310870481623701,0.1055838829692085,0.12370703946618972
LBW,MAR,mracehisp,2.0,B3_pooled,25508,3210,0.125842872824212,0.6566214186260366,0.22751902892563192,0.5772585669781931,0.19156414762741653,0.3792143641210601,0.9894080996884735,0.12902701604712574,0.964991375254822,0.015838597865794547,0.9987192337683017,0.00141520612399251,0.10551997859668208,0.12418104994841031
LBW,MAR,mracehisp,2.0,KD_pooled,25508,3210,0.125842872824212,0.6570074806591765,0.22871243727203344,0.5819314641744548,0.1915504511894996,0.38231143170769954,0.9881619937694704,0.13007463298613958,0.9560137995922847,0.017491943415893312,0.9819375124687483,0.0025562523312382766,0.1054503562998807,0.12401162129535087
LBW,MAR,mracehisp,2.0,B4_logistic_pooled,25508,3210,0.125842872824212,0.6337980314231275,0.2057283833438365,0.6242990654205608,0.1716782318170136,0.4576211384663635,0.9947040498442368,0.1271908859145953,0.9841618315822487,-0.011321995954433475,0.863305051789703,0.005275093012997391,0.10708034996107313,0.12704071161627656
LBW,MAR,mracehisp,6.0,T_oracle,5013,344,0.06862158388190705,0.6474246265571534,0.12754971930340941,0.2180232558139535,0.14763779527559054,0.10133652503490924,0.8226744186046512,0.08148574719262885,0.6927987233193696,-0.08770053878788774,0.8557687547679678,0.0067808282580344385,0.06272428960069007,0.07425178599838865
LBW,MAR,mracehisp,6.0,B1_teacher_meanimp,5013,344,0.06862158388190705,0.6482066275832185,0.12910495082568843,0.21511627906976744,0.1488933601609658,0.09914223020147617,0.8226744186046512,0.08141542002301495,0.6933971673648514,-0.08383324115887594,0.8714096304920607,0.006506925515517851,0.06264963171150272,0.07399783969319375
LBW,MAR,mracehisp,6.0,B2_teacher_iterimp,5013,344,0.06862158388190705,0.6489083116249185,0.12311798258959286,0.21511627906976744,0.147117296222664,0.10033911829243966,0.8372093023255814,0.08278240873814315,0.6939956114103332,-0.10614915023074907,0.8466306497097895,0.007124851516082022,0.06292177864286666,0.07547688009444561
LBW,MAR,mracehisp,6.0,B3_pooled,5013,344,0.06862158388190705,0.6427232812165345,0.1279786111648625,0.19767441860465115,0.14912280701754385,0.09096349491322561,0.8168604651162791,0.08348187759952466,0.6714542190305206,-0.03893622071426197,0.8676787390211252,0.004144177979038009,0.06265868346462494,0.07107460920163772
LBW,MAR,mracehisp,6.0,KD_pooled,5013,344,0.06862158388190705,0.643964770106641,0.12465751863968927,0.2005813953488372,0.14435146443514643,0.09535208458009176,0.8197674418604651,0.08214389746577337,0.684819469379613,-0.07393505988210444,0.8539285339192539,0.005568438944931171,0.06276293286417735,0.0733454594441827
LBW,MAR,mracehisp,6.0,B4_logistic_pooled,5013,344,0.06862158388190705,0.6108972092027076,0.11852868588183221,0.1511627906976744,0.12440191387559808,0.08338320367045682,0.877906976744186,0.07580321285140562,0.7947336923997607,-0.0594051435057673,0.8236729826707866,0.005660872870164062,0.06312477067791288,0.07242816365974669
LBW,MAR,mracehisp,4.0,T_oracle,12584,1069,0.08494914176732359,0.6111576919843031,0.1421865568573616,0.15715622076707203,0.17355371900826447,0.07692307692307693,0.9270346117867165,0.0893517266251916,0.8813572790845519,0.07478578717429574,0.9547954021210353,0.005987727532586693,0.0763728274320282,0.07941173311938429
LBW,MAR,mracehisp,4.0,B1_teacher_meanimp,12584,1069,0.08494914176732359,0.6111336049655816,0.14202998567144542,0.15902712815715622,0.17435897435897435,0.07747933884297521,0.9289055191768008,0.08937089370893708,0.8829465988556897,0.0725125783105428,0.9536272670303342,0.005739499505454829,0.0763721159308112,0.07957546639575212
LBW,MAR,mracehisp,4.0,B2_teacher_iterimp,12584,1069,0.08494914176732359,0.6096950859638484,0.1383290406057191,0.16089803554724041,0.1702970297029703,0.08026064844246662,0.9354536950420954,0.08869179600886919,0.8959790209790209,0.03872489804327831,0.9438353158479426,0.003908744462476491,0.0764438130807775,0.08203957515471262
LBW,MAR,mracehisp,4.0,B3_pooled,12584,1069,0.08494914176732359,0.6084363869146967,0.14057133179331893,0.15060804490177737,0.19121140142517815,0.06691036236490781,0.9429373246024322,0.08857644991212654,0.9043229497774953,0.075155792805942,0.9800762708261966,0.005689250002215362,0.07638051255754774,0.07938270303123736
LBW,MAR,mracehisp,4.0,KD_pooled,12584,1069,0.08494914176732359,0.6132549279887503,0.14271779929218148,0.15528531337698784,0.18302094818081588,0.07207565162110617,0.9354536950420954,0.08954956568460642,0.887396694214876,0.06761303435587278,0.9784334114443699,0.005363301441116337,0.07633810004777519,0.07992667247042229
LBW,MAR,mracehisp,4.0,B4_logistic_pooled,12584,1069,0.08494914176732359,0.5670648810048471,0.12301320421390932,0.14593077642656688,0.14028776978417265,0.08836617927527018,0.9569691300280636,0.08648968549205276,0.9399237126509854,0.07648772045369538,0.7018453078944141,0.011010246732954745,0.07711039468106635,0.07929543977734713
LBW,MAR,mage_band,20-34,T_oracle,150412,9819,0.06528069568917373,0.6798405846989167,0.1480127524070228,0.23169365515836643,0.17668530599565083,0.08560487195170598,0.7761482839393014,0.08971581946177572,0.5647554716379012,0.013223281160388569,0.985528516760721,0.0023815942607805203,0.05887983291115354,0.06450678167952167
LBW,MAR,mage_band,20-34,B1_teacher_meanimp,150412,9819,0.06528069568917373,0.6796357005618239,0.14772264676402086,0.2327120888074142,0.17624373312765138,0.08619658006010159,0.7762501273042062,0.08972759164645774,0.5647554716379012,0.014355932688810613,0.9865725463119684,0.0022563851867645575,0.05888534342798056,0.0644407323244157
LBW,MAR,mage_band,20-34,B2_teacher_iterimp,150412,9819,0.06528069568917373,0.6783403282672291,0.14403611269972708,0.23067522150931866,0.17567672380361438,0.08571789484881526,0.7752316936551583,0.08968377397615344,0.5642900832380395,-0.00016640574322154564,0.9719142723248118,0.002431998806521352,0.05897338347484216,0.06529048348922509
LBW,MAR,mage_band,20-34,B3_pooled,150412,9819,0.06528069568917373,0.6794113297620997,0.14657828742596368,0.2343415826458906,0.18010331872260488,0.08494003138047496,0.7806293919951115,0.08925556318921248,0.570945137356062,0.008020682442562365,1.0114625859584074,0.001178963890618597,0.058910895119999945,0.06480936737258569
LBW,MAR,mage_band,20-34,KD_pooled,150412,9819,0.06528069568917373,0.6797323095256219,0.1476180625940511,0.23464711274060496,0.17872934605538748,0.08570459803739064,0.7786943680619207,0.08993601204479157,0.565220860037763,0.010422895006170357,0.9959403504215139,0.0018176802729806003,0.0588861816279931,0.06466946248123602
LBW,MAR,mage_band,20-34,B4_logistic_pooled,150412,9819,0.06528069568917373,0.6523508034744488,0.13020734861187871,0.22986047459008047,0.16210586798822094,0.09256575273249475,0.7997759445972095,0.0821417737937094,0.635607531313991,-0.03200859387094781,0.9727504062391807,0.00230282671130858,0.05951208103004713,0.06720354070743811
LBW,MAR,mage_band,35+,T_oracle,41991,3174,0.07558762591983996,0.689414622559877,0.1723090794684699,0.31568998109640833,0.18721973094170405,0.1274558834035865,0.8456206679269062,0.09828261745212201,0.6503536472101165,0.017721963734362172,0.9442242491658084,0.003846083074344562,0.06695445929157438,0.07441686351416667
LBW,MAR,mage_band,35+,B1_teacher_meanimp,41991,3174,0.07558762591983996,0.6888440985563283,0.17204921064324957,0.3188405797101449,0.18744211891090942,0.12857517086994832,0.8462507876496534,0.09823714432009363,0.6511395298992642,0.016376807696744034,0.9439572748621916,0.003805201877226038,0.06696402324725584,0.0745048425242486
LBW,MAR,mage_band,35+,B2_teacher_iterimp,41991,3174,0.07558762591983996,0.6881305164188013,0.16796003842770763,0.31695022054190297,0.18496047067475638,0.12952775594770308,0.8525519848771267,0.09818221399804071,0.6563549331999714,-0.002478160893749739,0.9404315612499657,0.003661339237918385,0.06707064982335176,0.07575276868199825
LBW,MAR,mage_band,35+,B3_pooled,41991,3174,0.07558762591983996,0.6859523649164104,0.17156062489271195,0.3166351606805293,0.1844713656387665,0.1297420875901979,0.8418399495904222,0.09818115010104722,0.6481150722773927,0.01480596444113605,0.9476750784260095,0.003349203357500572,0.06698645223468534,0.07460735755751206
LBW,MAR,mage_band,35+,KD_pooled,41991,3174,0.07558762591983996,0.6878710102380616,0.17109886837178537,0.31379962192816635,0.18676167260453777,0.12700340549165298,0.8424700693131695,0.09857701098577011,0.6459955704793885,0.0174041167601533,0.9469053646150236,0.0034764143239121724,0.06696981510760282,0.07443680004123789
LBW,MAR,mage_band,35+,B4_logistic_pooled,41991,3174,0.07558762591983996,0.6585549486491467,0.1534285229042286,0.2867044738500315,0.17537097706687224,0.12357409921173584,0.8282923755513547,0.09250202315189472,0.6768355123716987,0.019912046954735863,0.8968466790655278,0.005036895923742312,0.0677765501542816,0.07426679137435648
LBW,MAR,mage_band,<20,T_oracle,7597,759,0.09990785836514414,0.6688460324598529,0.19011277286921552,0.3952569169960474,0.18773466833541927,0.21034618928524418,0.9749670619235836,0.10361243349201904,0.9401079373436882,0.02440992062242495,1.1751925580276121,0.009063020171913856,0.08666109265591215,0.09779237461857011
LBW,MAR,mage_band,<20,B1_teacher_meanimp,7597,759,0.09990785836514414,0.6664611770001091,0.18990681853621877,0.37417654808959155,0.185378590078329,0.20165854942740555,0.9776021080368906,0.10361681329423265,0.9426089245754903,0.04038636468203179,1.1914595804397385,0.009479517930769336,0.0867268229828647,0.0964250941605664
LBW,MAR,mage_band,<20,B2_teacher_iterimp,7597,759,0.09990785836514414,0.668361065286177,0.1910957033123392,0.3689064558629776,0.18893387314439947,0.19507700408055811,0.9762845849802372,0.10397081520976569,0.9381334737396341,0.0375730880806346,1.1637418372708204,0.009613818418036763,0.08667010010741366,0.09667108375011696
LBW,MAR,mage_band,<20,B3_pooled,7597,759,0.09990785836514414,0.667344503185138,0.19055407538985114,0.3965744400527009,0.1901452937460518,0.20837172568118995,0.9841897233201581,0.10313406047218003,0.9534026589443201,0.026099281512323925,1.2387760286198468,0.010234867976420462,0.08670743300152665,0.097640665431436
LBW,MAR,mage_band,<20,KD_pooled,7597,759,0.09990785836514414,0.6677121302679245,0.190633792663576,0.4057971014492754,0.1945672773215414,0.20837172568118995,0.9802371541501976,0.10343389406367301,0.9468211135974727,0.022886339308914504,1.2297720150730937,0.009654000996965811,0.08670188758982772,0.09791791168561893
LBW,MAR,mage_band,<20,B4_logistic_pooled,7597,759,0.09990785836514414,0.6382442569828914,0.16613325304408233,0.28063241106719367,0.1822070145423439,0.15387653020929315,0.9696969696969697,0.10515787969709958,0.9212847176517046,0.215914644528294,1.128606270401465,0.01789000231244323,0.08823260997468864,0.08239238745839444
LBW,MAR,payer_obs,2.0,T_oracle,105036,6236,0.05937012072051487,0.6763383265965155,0.12904964933365726,0.17398973701090442,0.17304625199362042,0.059693819261967325,0.7461513790891597,0.0842843169220737,0.5255912258654176,0.018089283338276304,0.9962790161267273,0.00221024157543418,0.054218363117351474,0.058397033236799296
LBW,MAR,payer_obs,2.0,B1_teacher_meanimp,105036,6236,0.05937012072051487,0.6763860074907875,0.12869963882569968,0.17591404746632458,0.17330173775671406,0.06026505198217754,0.7469531751122515,0.0843412761642645,0.525800677862828,0.018043714324181653,0.9975918610231138,0.0022799137690993417,0.054219773246351244,0.058399356113668976
LBW,MAR,payer_obs,2.0,B2_teacher_iterimp,105036,6236,0.05937012072051487,0.6752521713415378,0.1261264904070246,0.1735086593970494,0.16975211797929088,0.06068395597699836,0.7493585631815266,0.08420123247684601,0.528371225103774,-0.0014691977519001023,0.9816032223687249,0.00223122821328016,0.05428379345926732,0.05944977787000296
LBW,MAR,payer_obs,2.0,B3_pooled,105036,6236,0.05937012072051487,0.6749629380338273,0.12803990068582433,0.17158434894162924,0.17305515122109008,0.05886553181766251,0.742142398973701,0.08407360982433193,0.5240774591568605,0.01822387061873821,1.0103952764006143,0.0023125225221346368,0.054248880139789485,0.0583888490300623
LBW,MAR,payer_obs,2.0,KD_pooled,105036,6236,0.05937012072051487,0.6759719626213732,0.12866940415092235,0.17447081462475947,0.1751448808757244,0.059141627632430784,0.7426234765875561,0.08482927901524033,0.5197456110285997,0.018721972220059335,1.0015143335560492,0.0023819710089833337,0.05422793838958004,0.05836284813150549
LBW,MAR,payer_obs,2.0,B4_logistic_pooled,105036,6236,0.05937012072051487,0.6433594165911398,0.11460105776987091,0.1425593329057088,0.16160698054899109,0.05237251989793976,0.7092687620269403,0.08003401852924145,0.5261434174949541,0.017737653214645297,1.0042172883749119,0.003708061637175554,0.05471997324874429,0.05840843161712882
LBW,MAR,payer_obs,1.0,T_oracle,79152,6559,0.08286587831008692,0.6771491130249948,0.17937099742387982,0.34776642780911726,0.18395161290322581,0.156660602385284,0.870254611983534,0.10054606306147613,0.7172276126945624,0.004475677487447409,0.9761081398027395,0.00175639818689124,0.07288919871842792,0.08254087873885022
LBW,MAR,payer_obs,1.0,B1_teacher_meanimp,79152,6559,0.08286587831008692,0.6765752241641919,0.17905906446275774,0.3470041164811709,0.1834152631154807,0.1567743076612088,0.870254611983534,0.10050180473633243,0.7175434606832424,0.007138349968940031,0.9766976638869826,0.0018309100199659426,0.0729034066147704,0.08234790740863869
LBW,MAR,payer_obs,1.0,B2_teacher_iterimp,79152,6559,0.08286587831008692,0.6754489948404336,0.17506618896912043,0.34395487116938556,0.18408812729498164,0.15482868405093997,0.8681201402652844,0.1008001699475995,0.7136648473822519,-0.0004878204312305809,0.9626746504921665,0.0019387108048977734,0.07301582199093129,0.08290135877100457
LBW,MAR,payer_obs,1.0,B3_pooled,79152,6559,0.08286587831008692,0.67621278158256,0.17799129675979297,0.3547796920262235,0.18650316582511822,0.15763341419041843,0.880469583778015,0.0997529925897777,0.7314155043460683,-0.0030983605215154433,1.0019110870635088,0.0024444768995574837,0.07292502494520856,0.08309209803981338
LBW,MAR,payer_obs,1.0,KD_pooled,79152,6559,0.08286587831008692,0.676454320010304,0.17855691304364094,0.3514255221832596,0.18570737995488237,0.1568122094198504,0.8777252629974082,0.10030490460841537,0.7251238124115625,-0.0001390949694126932,0.9916379644286859,0.0020913635181775106,0.07290013177222508,0.08287601280592731
LBW,MAR,payer_obs,1.0,B4_logistic_pooled,79152,6559,0.08286587831008692,0.6513016743418063,0.15802119496842051,0.35310260710474156,0.16711162421531134,0.17509349100464927,0.9249885653300808,0.09099908505947113,0.8423160501313928,-0.03585145966305739,0.9279901550986269,0.003429738754059082,0.07386286041611274,0.0855281052530778
LBW,MAR,payer_obs,3.0,T_oracle,9219,520,0.05640525002711791,0.7103056717394571,0.15327439954453564,0.22115384615384615,0.17611026033690658,0.07083197743789998,0.7057692307692308,0.09463641052088706,0.42065299924069854,0.05305876135642295,0.9719346955910511,0.003425103918118094,0.05091714558699309,0.053767171531772774
LBW,MAR,payer_obs,3.0,B1_teacher_meanimp,9219,520,0.05640525002711791,0.7094849540619169,0.15528209010479943,0.21923076923076923,0.1753846153846154,0.07050656253389738,0.7057692307692308,0.09458762886597938,0.4208699425100336,0.05619966634299421,0.9774969887867271,0.0036146931691520365,0.05090335741037739,0.053612258251530605
LBW,MAR,payer_obs,3.0,B2_teacher_iterimp,9219,520,0.05640525002711791,0.7098509333521978,0.14706772765897935,0.22115384615384615,0.1724137931034483,0.07235058032324547,0.7115384615384616,0.09329299041855774,0.4301985030914416,0.020132275546061604,0.9484389418535563,0.0030528620975860043,0.05105906207914253,0.05539367431861677
LBW,MAR,payer_obs,3.0,B3_pooled,9219,520,0.05640525002711791,0.7089837912403725,0.15646683164829425,0.225,0.1869009584664537,0.06790324330187655,0.6942307692307692,0.09323347107438017,0.42000216943269336,0.039611055185517996,1.043837332864154,0.0032206481458300247,0.05086170128390324,0.05441489772415848
LBW,MAR,payer_obs,3.0,KD_pooled,9219,520,0.05640525002711791,0.7099444454269721,0.15643561905765496,0.22692307692307692,0.1838006230529595,0.0696387894565571,0.6942307692307692,0.09393702836325787,0.4168564920273349,0.05016174578992175,1.0071662058301154,0.0030268905319634715,0.050873057046052265,0.0539023271467551
LBW,MAR,payer_obs,3.0,B4_logistic_pooled,9219,520,0.05640525002711791,0.6741348475067868,0.12709437933016762,0.1519230769230769,0.19602977667493796,0.04371406877101638,0.7326923076923076,0.07786633966891478,0.530751708428246,-0.00012831933201708795,1.2318161231479516,0.007220151569033523,0.051784229365661814,0.0564119486680336
LBW,MAR,payer_obs,4.0,T_oracle,6593,437,0.06628242074927954,0.6691285910343279,0.16503634245225546,0.21967963386727687,0.1908548707753479,0.07629303807068102,0.7254004576659039,0.08947219870166526,0.5373881389352343,0.07712059134344294,0.9539946397066177,0.005884287710111688,0.05952850573794433,0.0618254604021732
LBW,MAR,payer_obs,4.0,B1_teacher_meanimp,6593,437,0.06628242074927954,0.6680766136886415,0.16134126982715863,0.2151029748283753,0.1854043392504931,0.07689974215076596,0.7254004576659039,0.08939650310208686,0.537843166995298,0.07756426526805237,0.9451376803355588,0.0055820545606267225,0.05961711740079321,0.061799782855877096
LBW,MAR,payer_obs,4.0,B2_teacher_iterimp,6593,437,0.06628242074927954,0.6696809720716742,0.15654578364665894,0.2242562929061785,0.1891891891891892,0.07856817837099954,0.7368421052631579,0.08914728682170543,0.5478537843166995,0.0468121456522889,0.9355867574386223,0.005279039365553073,0.05965214578263814,0.06354731294057898
LBW,MAR,payer_obs,4.0,B3_pooled,6593,437,0.06628242074927954,0.6684797477633401,0.16081791612074464,0.2128146453089245,0.1785028790786948,0.07902320643106325,0.7322654462242563,0.0908316775475447,0.5343546185348097,0.06721026153551701,0.9817456281317519,0.004770695168012388,0.05965555409166138,0.06237409659297984
LBW,MAR,payer_obs,4.0,KD_pooled,6593,437,0.06628242074927954,0.6678454017066566,0.16206617684970384,0.2219679633867277,0.17929759704251386,0.08205672683148794,0.7208237986270023,0.0898716119828816,0.5316244501744274,0.07150155474780438,0.9462415756720772,0.005806133710355743,0.05959599842292177,0.062140664403675896
LBW,MAR,payer_obs,4.0,B4_logistic_pooled,6593,437,0.06628242074927954,0.6575133485888633,0.14328178412372647,0.21967963386727687,0.18532818532818532,0.07856817837099954,0.7940503432494279,0.08271752085816449,0.6362809039890793,0.023042497171645627,1.0637918157821162,0.005036317016441965,0.06010622464193839,0.06490526375098618
LBW,MAR,foreign_born,0.0,T_oracle,152154,10537,0.06925220500282608,0.6948002033957057,0.16548856316295127,0.2950555186485717,0.1841715538179018,0.11094680389605269,0.8005124798329696,0.09590022283869207,0.5780722163071624,0.012784480465739,0.9892215931872891,0.001534010759035258,0.06169234619579703,0.06846791050257245
LBW,MAR,foreign_born,0.0,B1_teacher_meanimp,152154,10537,0.06925220500282608,0.6945633050859007,0.16527687106990885,0.29571984435797666,0.18416075650118202,0.11120312315154383,0.8003226724874253,0.09590474349205627,0.5779079090921041,0.015134981324918747,0.9911678417473961,0.0016538886713231772,0.06169818686545177,0.06832429134349773
LBW,MAR,foreign_born,0.0,B2_teacher_iterimp,152154,10537,0.06925220500282608,0.6935437170199777,0.16149145105933474,0.2930625415203568,0.18310109694633858,0.11084164727841529,0.8017462275790073,0.09579100145137881,0.579623276417314,-0.0007943297311099764,0.9813122432952106,0.0017840373807018273,0.06179082217947406,0.0693011960032514
LBW,MAR,foreign_born,0.0,B3_pooled,152154,10537,0.06925220500282608,0.6938630841599855,0.16433058034346779,0.2951504223213438,0.1848989298454221,0.11054589429131012,0.800132865141881,0.09581552868442586,0.5783088186968466,0.01170206111607493,1.0082751502342242,0.0019697037267307465,0.061725167096958494,0.06853269213680278
LBW,MAR,foreign_born,0.0,KD_pooled,152154,10537,0.06925220500282608,0.6945204769026798,0.16507977989150946,0.2981873398500522,0.1858951603360549,0.11108482195670176,0.8009869981968302,0.09632503994521799,0.5758639273367772,0.011859466503236054,0.9996271285317957,0.0017903425552315956,0.06169605151564342,0.06852367012628807
LBW,MAR,foreign_born,0.0,B4_logistic_pooled,152154,10537,0.06925220500282608,0.668788882702432,0.14544375216342076,0.27579007307582803,0.16972316318187128,0.11253072544921593,0.816835911549777,0.08854847172354194,0.6388330244357691,-0.015105256265911164,0.9923340985117071,0.003519689757613164,0.062471397444378546,0.07019788791593859
LBW,MAR,foreign_born,1.0,T_oracle,47575,3189,0.06703100367840252,0.644390867640995,0.12119861983365374,0.14455942301661964,0.15836482308485056,0.06118759852863899,0.8121668234556287,0.08288265224487183,0.6568365738307935,0.01994056368021219,0.9419470756123397,0.002901046231641764,0.061300207864662705,0.06582341399713636
LBW,MAR,foreign_born,1.0,B1_teacher_meanimp,47575,3189,0.06703100367840252,0.6439251564537376,0.12069613074110921,0.1436186892442772,0.1556764106050306,0.06183920126116658,0.8143618689244277,0.08290238140841473,0.6584550709406201,0.018050611974971056,0.9383149870309984,0.0028326990657191447,0.06131744989914458,0.06593699317312302
LBW,MAR,foreign_born,1.0,B2_teacher_iterimp,47575,3189,0.06703100367840252,0.6429860016627417,0.11924344136342836,0.14330511132016305,0.15623931623931625,0.061481870730425645,0.8124804013797429,0.0830395487468752,0.6558486600105097,0.005445163416775106,0.9227757329086781,0.0023590932222367156,0.06137295872678244,0.06669946832002047
LBW,MAR,foreign_born,1.0,B3_pooled,47575,3189,0.06703100367840252,0.6423030092191175,0.1203245498677682,0.15302602696770148,0.16570458404074703,0.06190225959012086,0.8256506741925368,0.08188971480110721,0.6758381502890174,0.005098009225452979,0.96363765036803,0.002064646645823518,0.06132825541439107,0.0667199112826656
LBW,MAR,foreign_born,1.0,KD_pooled,47575,3189,0.06703100367840252,0.6430511779151391,0.1200988344925741,0.1436186892442772,0.15974886641088246,0.06026274303730951,0.8165569143932268,0.08258015412425078,0.6628060956384656,0.013556119090027194,0.9463828366937992,0.002249225991504554,0.06133015142585362,0.06620727671844462
LBW,MAR,foreign_born,1.0,B4_logistic_pooled,47575,3189,0.06703100367840252,0.6080827073113845,0.10921812014314838,0.1464408905613045,0.14982354828360603,0.06551760378349973,0.8118532455315146,0.07702606212067119,0.7065055176037836,0.013636988423884878,0.821518735858197,0.006123181461310372,0.06176883807557521,0.0662008033658384
LBW,MARx5,mracehisp,1.0,T_oracle,100148,5370,0.05362064145065303,0.6767734208879297,0.12643712305830865,0.1616387337057728,0.17889530090684255,0.0484482965211487,0.6687150837988827,0.08182936833470057,0.4381914766146104,0.01573619590552931,0.9789490292858966,0.0028093755418591966,0.04920116588649057,0.05285196509661125
LBW,MARx5,mracehisp,1.0,B1_teacher_meanimp,100148,5370,0.05362064145065303,0.6737844170438787,0.12432792592957835,0.15921787709497207,0.17657992565055763,0.0483484443024324,0.664804469273743,0.08138607089935028,0.4380017573990494,0.025634592183446152,0.9784937186855236,0.002577287176269559,0.049259677536170075,0.052372249862040594
LBW,MARx5,mracehisp,1.0,B2_teacher_iterimp,100148,5370,0.05362064145065303,0.6732180666195037,0.12083714466053869,0.16052141527001862,0.1739656912209889,0.049476774373926585,0.6728119180633148,0.08119283579406279,0.44433238806566283,0.015461991758506967,0.9645950637436064,0.0030634361087946886,0.04932629298777589,0.05286485599466612
LBW,MARx5,mracehisp,1.0,B3_pooled,100148,5370,0.05362064145065303,0.6741224931667231,0.12320784563083181,0.16312849162011173,0.17422434367541767,0.05020569557055558,0.6621973929236499,0.08139348577445124,0.43624435834964254,0.00817621746862751,0.9979669657640917,0.0028772183313059505,0.04928557809444221,0.053218989881676136
LBW,MARx5,mracehisp,1.0,KD_pooled,100148,5370,0.05362064145065303,0.675107545249424,0.12456683590017587,0.15679702048417132,0.17501558927457908,0.04803890242441187,0.668901303538175,0.08191188543281948,0.4378719495147182,0.014028297967777183,0.9945897562546568,0.0029698237170240624,0.049250888639133225,0.05293359900567646
LBW,MARx5,mracehisp,1.0,B4_logistic_pooled,100148,5370,0.05362064145065303,0.6377426738237228,0.1050165274408579,0.11936685288640596,0.16331210191082804,0.0391919958461477,0.6495344506517691,0.07394843962008141,0.4709829452410433,-0.01952267899698473,1.0439168960626806,0.003938215603857746,0.049806653873788714,0.05460203697884941
LBW,MARx5,mracehisp,7.0,T_oracle,54162,3584,0.06617185480595252,0.6423564437733726,0.1233295928996513,0.16266741071428573,0.16676201372997712,0.0645470994424135,0.80078125,0.0818316605839416,0.647538864886821,0.004033416971670063,0.9785945185225619,0.0014369742966744608,0.060497120361111476,0.06592864254925349
LBW,MARx5,mracehisp,7.0,B1_teacher_meanimp,54162,3584,0.06617185480595252,0.6361272727449258,0.11973131060659442,0.16071428571428573,0.1643366619115549,0.06471326760459363,0.7952008928571429,0.08083501148708058,0.6509545437760792,0.00768459773672845,0.9557272492422363,0.0018042172275332697,0.06061397337145206,0.06570887606052618
LBW,MARx5,mracehisp,7.0,B2_teacher_iterimp,54162,3584,0.06617185480595252,0.6351155613209511,0.11772589582041379,0.158203125,0.16401504194388197,0.06382703740629962,0.7904575892857143,0.0810748933978193,0.6451571212289059,0.012203655527607476,0.9412970190545334,0.0021201052052437154,0.06066898100010531,0.06543828976346981
LBW,MARx5,mracehisp,7.0,B3_pooled,54162,3584,0.06617185480595252,0.6384131802435277,0.11945221244285745,0.15569196428571427,0.17106069895769466,0.06022672722573022,0.80859375,0.08126752664049355,0.6583951848159226,0.008235347221039071,1.0077418403140725,0.0018617763960728283,0.060599433400614765,0.0656748581419547
LBW,MARx5,mracehisp,7.0,KD_pooled,54162,3584,0.06617185480595252,0.6398016248021091,0.12064381775742358,0.15876116071428573,0.17107636800962117,0.061408367490122226,0.8046875,0.08100668501769563,0.6573243233263173,0.004688289621407817,0.9998532077443015,0.0011699992866110239,0.060570254110802475,0.06588865327458102
LBW,MARx5,mracehisp,7.0,B4_logistic_pooled,54162,3584,0.06617185480595252,0.6049255318341402,0.10711149856210588,0.12806919642857142,0.16582369942196531,0.051105941434954394,0.8465401785714286,0.07326732673267326,0.7645581773198922,0.0007838250681541085,0.9120733009110314,0.003289996734894806,0.06103379130856288,0.06612422812748761
LBW,MARx5,mracehisp,3.0,T_oracle,1259,90,0.07148530579825259,0.6774356049805152,0.1704387330170822,0.3111111111111111,0.2014388489208633,0.11040508339952343,0.8,0.09326424870466321,0.6131850675138999,0.012193779646980346,0.9461530931001193,0.006683122988471952,0.06365259624649512,0.07071741485521517
LBW,MARx5,mracehisp,3.0,B1_teacher_meanimp,1259,90,0.07148530579825259,0.6698507746411938,0.1610250129167588,0.28888888888888886,0.1984732824427481,0.10405083399523431,0.7888888888888889,0.09244791666666667,0.6100079428117554,0.049638238456812,0.9258121047107798,0.005904674839612276,0.06412550216231812,0.06839035369515639
LBW,MARx5,mracehisp,3.0,B2_teacher_iterimp,1259,90,0.07148530579825259,0.6749358426005133,0.16392709156675755,0.28888888888888886,0.1984732824427481,0.10405083399523431,0.7666666666666667,0.09175531914893617,0.5972994440031771,0.05875529257532952,0.9300426203322815,0.004834025994576304,0.06408318069334924,0.06784871365582369
LBW,MARx5,mracehisp,3.0,B3_pooled,1259,90,0.07148530579825259,0.6795076513639389,0.1757280519647141,0.28888888888888886,0.18840579710144928,0.1096108022239873,0.8111111111111111,0.09311224489795919,0.6227164416203336,0.031506895513745595,1.0444444252096456,0.005950966079148959,0.06350474822763442,0.06949832487888785
LBW,MARx5,mracehisp,3.0,KD_pooled,1259,90,0.07148530579825259,0.6840794601273643,0.16552892600982577,0.28888888888888886,0.18439716312056736,0.11199364575059571,0.8222222222222222,0.09238451935081149,0.636219221604448,0.03298726424024744,1.036384235121397,0.00495087375630377,0.0638049403426245,0.06940677442364042
LBW,MARx5,mracehisp,3.0,B4_logistic_pooled,1259,90,0.07148530579825259,0.6728067674175459,0.16038304444341447,0.2222222222222222,0.16666666666666666,0.09531374106433678,0.9222222222222223,0.09399773499433749,0.7013502779984114,0.04617032225979458,1.096425853226714,0.01502810282909816,0.0641402426763252,0.0685660318836101
LBW,MARx5,mracehisp,2.0,T_oracle,25508,3210,0.125842872824212,0.6573491985786413,0.23030995663425877,0.5710280373831775,0.18828967642526964,0.3816449741257645,0.985981308411215,0.1306501547987616,0.9497020542574879,0.02206817666669902,0.9694658408968444,0.003245593096003833,0.10540907040778633,0.1235398713217097
LBW,MARx5,mracehisp,2.0,B1_teacher_meanimp,25508,3210,0.125842872824212,0.653453413113619,0.22307718164737517,0.5781931464174455,0.18965869609646432,0.38364434687156973,0.9884735202492212,0.13023847637811437,0.9551121216873137,0.03291502432624364,0.9533301413495582,0.004177588577556783,0.10580670428726476,0.12241673578349521
LBW,MARx5,mracehisp,2.0,B2_teacher_iterimp,25508,3210,0.125842872824212,0.6514943644974376,0.22058152705140413,0.5666666666666667,0.18947916666666667,0.37635251685745646,0.9866043613707165,0.1301845685863444,0.9537007997490983,0.04232784246988017,0.9441172368222029,0.004436967186139754,0.1059332834863137,0.12145036596333939
LBW,MARx5,mracehisp,2.0,B3_pooled,25508,3210,0.125842872824212,0.6548383353884749,0.2251243007079463,0.5838006230529595,0.18925469602100586,0.3881919397835973,0.9919003115264797,0.12873488861035862,0.9696173749411949,0.015507754932373212,1.0008934695618596,0.0016388702187948951,0.10567786137316046,0.12421319628582451
LBW,MARx5,mracehisp,2.0,KD_pooled,25508,3210,0.125842872824212,0.655031918261532,0.22494492783177522,0.5819314641744548,0.18751254768118852,0.3905441430139564,0.990031152647975,0.12988393003106097,0.9592284773404423,0.01834988777934027,0.987671393696177,0.0021282070010340787,0.10566322208424973,0.12391828224933461
LBW,MARx5,mracehisp,2.0,B4_logistic_pooled,25508,3210,0.125842872824212,0.6323948699420956,0.20337059531858986,0.6239875389408099,0.16964512577284663,0.46287439234749883,0.9959501557632399,0.1271021349342027,0.9860827975537086,-0.012507977524556712,0.8609212943328333,0.004924816648877446,0.10722084755458933,0.12716782078162414
LBW,MARx5,mracehisp,6.0,T_oracle,5013,344,0.06862158388190705,0.6474246265571534,0.12754971930340941,0.2180232558139535,0.14763779527559054,0.10133652503490924,0.8226744186046512,0.08148574719262885,0.6927987233193696,-0.08770053878788774,0.8557687547679678,0.0067808282580344385,0.06272428960069007,0.07425178599838865
LBW,MARx5,mracehisp,6.0,B1_teacher_meanimp,5013,344,0.06862158388190705,0.6399688444814137,0.12844628412025394,0.19767441860465115,0.13934426229508196,0.09734689806503093,0.8226744186046512,0.08139200460166811,0.6935966487133453,-0.07067274493672657,0.8556784610296642,0.006097014536486174,0.0626913041415923,0.07313777450089445
LBW,MARx5,mracehisp,6.0,B2_teacher_iterimp,5013,344,0.06862158388190705,0.6422043338795719,0.11975201930016888,0.19186046511627908,0.13306451612903225,0.09894274885298225,0.8372093023255814,0.08198121263877028,0.7007779772591263,-0.08191616878669444,0.8322570354522757,0.006145869591848612,0.06298470072752933,0.07387128923641957
LBW,MARx5,mracehisp,6.0,B3_pooled,5013,344,0.06862158388190705,0.6347186664143012,0.12534229200550967,0.17732558139534885,0.13646532438478748,0.08916816277678037,0.811046511627907,0.08127002621613749,0.684819469379613,-0.046929033021593826,0.849194046398565,0.005280222001141635,0.06274738267167536,0.0715936104443403
LBW,MARx5,mracehisp,6.0,KD_pooled,5013,344,0.06862158388190705,0.6396609627080148,0.12850142062076916,0.19476744186046513,0.14377682403433475,0.09295830839816477,0.8284883720930233,0.0811503416856492,0.7005784959106324,-0.07379338535222522,0.8678116192962371,0.006133698687888598,0.06267725569049429,0.07334656197668489
LBW,MARx5,mracehisp,6.0,B4_logistic_pooled,5013,344,0.06862158388190705,0.605721121997141,0.11736140128568617,0.14244186046511628,0.11611374407582939,0.08418112906443248,0.8837209302325582,0.07491375061606703,0.8094953121883104,-0.07249557472935975,0.8021128570391056,0.005945358132798522,0.06320556631530422,0.07329450150822757
LBW,MARx5,mracehisp,4.0,T_oracle,12584,1069,0.08494914176732359,0.6111576919843031,0.1421865568573616,0.15715622076707203,0.17355371900826447,0.07692307692307693,0.9270346117867165,0.0893517266251916,0.8813572790845519,0.07478578717429574,0.9547954021210353,0.005987727532586693,0.0763728274320282,0.07941173311938429
LBW,MARx5,mracehisp,4.0,B1_teacher_meanimp,12584,1069,0.08494914176732359,0.6086439495886725,0.142905799241506,0.1627689429373246,0.17365269461077845,0.07962492053401145,0.9345182413470533,0.08879210736823394,0.8940718372536555,0.06094730140148812,0.956355315704981,0.0048288201444608055,0.07638012828454194,0.08040911957053533
LBW,MARx5,mracehisp,4.0,B2_teacher_iterimp,12584,1069,0.08494914176732359,0.6063748143207685,0.13793431021998673,0.16931711880261927,0.1705937794533459,0.08431341385886841,0.9448082319925164,0.0881326352530541,0.910680228862047,0.03975109484876226,0.9475842807489906,0.0037996845927455144,0.07645321324608624,0.08196197753023399
LBW,MARx5,mracehisp,4.0,B3_pooled,12584,1069,0.08494914176732359,0.6108309127842766,0.14154880978010206,0.13657623947614594,0.1867007672634271,0.06214240305149396,0.9401309635173059,0.08964409954508964,0.8908931977113795,0.08995349338260485,1.018719002158325,0.006653399473126609,0.07636552468415907,0.07831973110615906
LBW,MARx5,mracehisp,4.0,KD_pooled,12584,1069,0.08494914176732359,0.6109121100025305,0.1429760545945396,0.14967259120673526,0.17937219730941703,0.0708836617927527,0.9420018709073901,0.08956684159032287,0.8934361093452002,0.07168743297383552,0.9918528037067504,0.005635079638689108,0.0763356735989396,0.07962924523794992
LBW,MARx5,mracehisp,4.0,B4_logistic_pooled,12584,1069,0.08494914176732359,0.5680714990452523,0.12215613737990832,0.13938260056127222,0.14109848484848486,0.08391608391608392,0.9560336763330215,0.0863905325443787,0.9400826446280992,0.08382521784947011,0.7021292203468573,0.011452944341714724,0.07713991922224618,0.07876858653287563
LBW,MARx5,mage_band,20-34,T_oracle,150412,9819,0.06528069568917373,0.6798405846989167,0.1480127524070228,0.23169365515836643,0.17668530599565083,0.08560487195170598,0.7761482839393014,0.08971581946177572,0.5647554716379012,0.013223281160388569,0.985528516760721,0.0023815942607805203,0.05887983291115354,0.06450678167952167
LBW,MARx5,mage_band,20-34,B1_teacher_meanimp,150412,9819,0.06528069568917373,0.6773563811069567,0.14521926828042814,0.23301761890212852,0.1773093614383137,0.08579102731165067,0.7723800794378246,0.08918051292905775,0.5653870701805707,0.021131446904949277,0.9823981092010322,0.0024575300466330306,0.058963223062482924,0.06404681318033399
LBW,MARx5,mage_band,20-34,B2_teacher_iterimp,150412,9819,0.06528069568917373,0.6759973673034172,0.14170687645791422,0.23210102861798554,0.1745290243528871,0.08681488179134643,0.7746206334657297,0.0889465805968753,0.5685184692710687,0.014755430021011387,0.9686984751816864,0.002695097120969448,0.059049311132959935,0.06441715490503665
LBW,MARx5,mage_band,20-34,B3_pooled,150412,9819,0.06528069568917373,0.6782834068716344,0.1449651967384313,0.23067522150931866,0.1788958218150225,0.08417546472355929,0.7786943680619207,0.08900115238217184,0.5711578863388559,0.010344390562073395,1.0129569745976699,0.001451514460754319,0.05896257394373361,0.06467286370448203
LBW,MARx5,mage_band,20-34,KD_pooled,150412,9819,0.06528069568917373,0.6792208083551403,0.14629826423992923,0.23067522150931866,0.17680118648036844,0.08517272558040583,0.7805275486302068,0.08942719454848835,0.5697750179506954,0.011598044251670006,1.0041904271971382,0.0016252051438422719,0.05892950428056197,0.06460011134525911
LBW,MARx5,mage_band,20-34,B4_logistic_pooled,150412,9819,0.06528069568917373,0.6517560665613196,0.12913748918008677,0.22863835421122314,0.16067849985685656,0.09289152461239794,0.7995722578673999,0.0815400274188858,0.6401350956040741,-0.03320140255262491,0.9742217209182564,0.0025975344062087687,0.05954449097918678,0.06727711705488393
LBW,MARx5,mage_band,35+,T_oracle,41991,3174,0.07558762591983996,0.689414622559877,0.1723090794684699,0.31568998109640833,0.18721973094170405,0.1274558834035865,0.8456206679269062,0.09828261745212201,0.6503536472101165,0.017721963734362172,0.9442242491658084,0.003846083074344562,0.06695445929157438,0.07441686351416667
LBW,MARx5,mage_band,35+,B1_teacher_meanimp,41991,3174,0.07558762591983996,0.6866737998095827,0.17024323338470904,0.32041587901701324,0.1848754771859662,0.13100426281822294,0.848456206679269,0.09749475056114691,0.6578076254435474,0.011705132170153655,0.9417346811080216,0.003308551046787508,0.06702724380237238,0.07481157794413015
LBW,MARx5,mage_band,35+,B2_teacher_iterimp,41991,3174,0.07558762591983996,0.6869587432370323,0.1670121319185705,0.3201008191556396,0.18326118326118326,0.1320282917768093,0.855072463768116,0.09742614064687512,0.6634040627753566,0.007498256543864749,0.9468579025464192,0.003290210499876887,0.06710685353916701,0.07508909833118524
LBW,MARx5,mage_band,35+,B3_pooled,41991,3174,0.07558762591983996,0.6857605507068139,0.17020839413436628,0.3112791430371771,0.1824561403508772,0.12895620490105023,0.8453056080655325,0.09830359432821603,0.6499726131790146,0.01948327949426051,0.9529718262535963,0.003215683416724485,0.06701953929827698,0.0742983613213251
LBW,MARx5,mage_band,35+,KD_pooled,41991,3174,0.07558762591983996,0.6869070652058251,0.17068491887443266,0.3103339634530561,0.18539431582909843,0.1265271129527756,0.8462507876496534,0.09802561950293785,0.6525445928889524,0.018416735389309574,0.9548717053956546,0.002941276045954265,0.06699303546548076,0.07436847960162149
LBW,MARx5,mage_band,35+,B4_logistic_pooled,41991,3174,0.07558762591983996,0.6569998635933731,0.15272786360082163,0.28323881537492124,0.17442762902599923,0.12274058726870044,0.8241965973534972,0.09227513227513227,0.675144673858684,0.02281984689625163,0.8938350563157261,0.005421472950621539,0.06781106944297861,0.07407492518137916
LBW,MARx5,mage_band,<20,T_oracle,7597,759,0.09990785836514414,0.6688460324598529,0.19011277286921552,0.3952569169960474,0.18773466833541927,0.21034618928524418,0.9749670619235836,0.10361243349201904,0.9401079373436882,0.02440992062242495,1.1751925580276121,0.009063020171913856,0.08666109265591215,0.09779237461857011
LBW,MARx5,mage_band,<20,B1_teacher_meanimp,7597,759,0.09990785836514414,0.641687870733994,0.17208510602227134,0.3583662714097497,0.1837837837837838,0.19481374226668421,0.9776021080368906,0.10311284046692606,0.9472160063182835,0.074299847057988,1.0687686041530713,0.006776052496424591,0.08759672587548774,0.09356797596558003
LBW,MARx5,mage_band,<20,B2_teacher_iterimp,7597,759,0.09990785836514414,0.6425513512222059,0.1744345271611452,0.3359683794466403,0.19615384615384615,0.17112017901803345,0.9723320158102767,0.10347728547392036,0.9387916282743188,0.10574263486301884,1.0506622289113297,0.009371430318826996,0.08758196575900834,0.09101011582474923
LBW,MARx5,mage_band,<20,B3_pooled,7597,759,0.09990785836514414,0.6452383236975732,0.17416718627020636,0.40711462450592883,0.19015384615384615,0.21390022377254178,0.9841897233201581,0.1018821603927987,0.9651178096617086,0.026012702563350677,1.15729269047086,0.007049558269119058,0.0874328443259065,0.09764115461684632
LBW,MARx5,mage_band,<20,KD_pooled,7597,759,0.09990785836514414,0.6502137169602867,0.17377122057852273,0.4018445322793149,0.1901496259351621,0.21113597472686588,0.9841897233201581,0.10225872689938398,0.9615637751744109,0.01948284268569129,1.1804545689448676,0.008022054013515426,0.08742361342718259,0.0982052672688225
LBW,MARx5,mage_band,<20,B4_logistic_pooled,7597,759,0.09990785836514414,0.6245176821305107,0.16083353738121225,0.26613965744400525,0.17955555555555555,0.1480847703040674,0.9736495388669302,0.10479296653431651,0.9282611557193629,0.22889248541462434,1.0800200743642727,0.018356130549630884,0.08850477584032398,0.08141641878487157
LBW,MARx5,payer_obs,2.0,T_oracle,105036,6236,0.05937012072051487,0.6763383265965155,0.12904964933365726,0.17398973701090442,0.17304625199362042,0.059693819261967325,0.7461513790891597,0.0842843169220737,0.5255912258654176,0.018089283338276304,0.9962790161267273,0.00221024157543418,0.054218363117351474,0.058397033236799296
LBW,MARx5,payer_obs,2.0,B1_teacher_meanimp,105036,6236,0.05937012072051487,0.6747589677801352,0.12681094102550594,0.17735728030788966,0.17165916498525532,0.061340873605240105,0.7485567671584349,0.08390100113233999,0.5296945809055943,0.016894103919071517,0.989514834876203,0.002641293214823807,0.05427269592764049,0.058460579333105785
LBW,MARx5,payer_obs,2.0,B2_teacher_iterimp,105036,6236,0.05937012072051487,0.6738517096109049,0.12409741410331987,0.17831943553559973,0.16762134458848357,0.06315929776457596,0.7552918537524054,0.08351063829787234,0.5369587569976009,0.0050037270769071355,0.9764149642207831,0.002643848433275212,0.054340248230458896,0.059099442521502545
LBW,MARx5,payer_obs,2.0,B3_pooled,105036,6236,0.05937012072051487,0.6745893124485488,0.12707779647830914,0.16901860166773572,0.17307060755336617,0.057980121101336685,0.7389352148813342,0.08427366996470309,0.5205738984729045,0.021309858489887822,1.0090942227368305,0.0025130395210376734,0.05427672750967563,0.05822377722084294
LBW,MARx5,payer_obs,2.0,KD_pooled,105036,6236,0.05937012072051487,0.67548603771233,0.1275948689107925,0.17046183450930083,0.1723690611318307,0.058713203092273125,0.7464720974983964,0.08453185152901867,0.5242773906089341,0.019063916607618855,1.0062849569715517,0.002493382013491281,0.05425358726064188,0.05834389633736834
LBW,MARx5,payer_obs,2.0,B4_logistic_pooled,105036,6236,0.05937012072051487,0.6429852172510147,0.11364834537578003,0.14239897370109045,0.16154265963252684,0.05233443771659241,0.7052597819114818,0.07967679988405377,0.5255150615027229,0.018162543390884026,1.001559960331237,0.004068935129326386,0.05474764717782252,0.05838542744979022
LBW,MARx5,payer_obs,1.0,T_oracle,79152,6559,0.08286587831008692,0.6771491130249948,0.17937099742387982,0.34776642780911726,0.18395161290322581,0.156660602385284,0.870254611983534,0.10054606306147613,0.7172276126945624,0.004475677487447409,0.9761081398027395,0.00175639818689124,0.07288919871842792,0.08254087873885022
LBW,MARx5,payer_obs,1.0,B1_teacher_meanimp,79152,6559,0.08286587831008692,0.6726426027026937,0.1751494501471041,0.3456319560908675,0.18409939905798278,0.15557408530422479,0.8653758194846776,0.09998062391009495,0.7172402466141096,0.01900964159055066,0.9661433557155676,0.0022992803469191808,0.07307017155007424,0.08149144876326733
LBW,MARx5,payer_obs,1.0,B2_teacher_iterimp,79152,6559,0.08286587831008692,0.6716289816096752,0.17219345907339373,0.3396859277328861,0.18411701512271714,0.15288306044067113,0.8630888855008385,0.1002514698590352,0.7134121689913079,0.025675550663499774,0.9573879799858652,0.003262932458499856,0.0731610634794541,0.08101429829329047
LBW,MARx5,payer_obs,1.0,B3_pooled,79152,6559,0.08286587831008692,0.6734255068221503,0.17507102518848078,0.3511205976520811,0.1843137254901961,0.15786082474226804,0.8818417441683183,0.09915995199725698,0.7369365271881949,0.0011124415027893972,1.003716134466076,0.002148491696269521,0.07304785541156261,0.08278464581133739
LBW,MARx5,payer_obs,1.0,KD_pooled,79152,6559,0.08286587831008692,0.674675919814732,0.17623017240912162,0.3483762768714743,0.1839182227945911,0.15696381645441682,0.8780301875285866,0.0994972443461585,0.7312638973115019,0.0023082998035869355,0.9977675547900143,0.002005323574031722,0.07300367581201761,0.08269753465498439
LBW,MARx5,payer_obs,1.0,B4_logistic_pooled,79152,6559,0.08286587831008692,0.6494878159005364,0.1567133999025659,0.3479188900747065,0.16531440162271804,0.17439862542955326,0.9251410275956701,0.09046859392005725,0.8473948857893673,-0.032961144869850405,0.9259640178905421,0.0032462861308526323,0.07391464874156405,0.0853123722697263
LBW,MARx5,payer_obs,3.0,T_oracle,9219,520,0.05640525002711791,0.7103056717394571,0.15327439954453564,0.22115384615384615,0.17611026033690658,0.07083197743789998,0.7057692307692308,0.09463641052088706,0.42065299924069854,0.05305876135642295,0.9719346955910511,0.003425103918118094,0.05091714558699309,0.053767171531772774
LBW,MARx5,payer_obs,3.0,B1_teacher_meanimp,9219,520,0.05640525002711791,0.7038521227019905,0.1509186120538293,0.21346153846153845,0.1776,0.06779477166720903,0.6961538461538461,0.09241766658156753,0.4248833929927324,0.06646163383807131,0.9748099124486658,0.003907344981345366,0.0510473643012667,0.053107275825128065
LBW,MARx5,payer_obs,3.0,B2_teacher_iterimp,9219,520,0.05640525002711791,0.7046465332001025,0.14191689144726805,0.2153846153846154,0.1731066460587326,0.07018114762989479,0.7134615384615385,0.09256487025948104,0.43475431174747803,0.04260435234688446,0.9432160955980826,0.0034829863568445114,0.05119988660637502,0.05427965493030013
LBW,MARx5,payer_obs,3.0,B3_pooled,9219,520,0.05640525002711791,0.7055666212738866,0.15051947384802783,0.2173076923076923,0.18864774624373956,0.06497450916585312,0.698076923076923,0.09113733366808938,0.43204252088078965,0.030556503602247802,1.043621014464828,0.0029407238761361863,0.05099070469901196,0.05486117574375462
LBW,MARx5,payer_obs,3.0,KD_pooled,9219,520,0.05640525002711791,0.7058899342983721,0.15188244264815787,0.21346153846153845,0.18166939443535188,0.06627616878186354,0.7038461538461539,0.09212182230052857,0.4309578045341143,0.040660304050294964,1.006346771520362,0.002844622125673844,0.050990097412181495,0.054364058954049464
LBW,MARx5,payer_obs,3.0,B4_logistic_pooled,9219,520,0.05640525002711791,0.6709827389531953,0.12393973920753826,0.1596153846153846,0.19904076738609114,0.04523267165636186,0.7538461538461538,0.07651766543041187,0.5557001844017789,-0.02111920175690482,1.2178037078512034,0.007343836143448361,0.05187395052344413,0.057518369387789474
LBW,MARx5,payer_obs,4.0,T_oracle,6593,437,0.06628242074927954,0.6691285910343279,0.16503634245225546,0.21967963386727687,0.1908548707753479,0.07629303807068102,0.7254004576659039,0.08947219870166526,0.5373881389352343,0.07712059134344294,0.9539946397066177,0.005884287710111688,0.05952850573794433,0.0618254604021732
LBW,MARx5,payer_obs,4.0,B1_teacher_meanimp,6593,437,0.06628242074927954,0.6632360310047091,0.157527333669542,0.2128146453089245,0.1848906560636183,0.07629303807068102,0.7162471395881007,0.08856819468024901,0.5360230547550432,0.08318051395638873,0.9197507347759837,0.006125671102490962,0.05975229315564685,0.06148727556025888
LBW,MARx5,payer_obs,4.0,B2_teacher_iterimp,6593,437,0.06628242074927954,0.6627057675122632,0.15208682689739825,0.2242562929061785,0.18846153846153846,0.07887153041104202,0.7231121281464531,0.08717241379310345,0.5498255725769756,0.06222782621749054,0.9078931510586259,0.005435337706627522,0.05982564882158568,0.06266742901869973
LBW,MARx5,payer_obs,4.0,B3_pooled,6593,437,0.06628242074927954,0.667341344716992,0.15203067557431849,0.21052631578947367,0.17794970986460348,0.07841650235097831,0.7345537757437071,0.09062676453980802,0.5372364629152131,0.0563673926931589,0.9676804203017657,0.004827901040511124,0.05978248994088217,0.06298938097639713
LBW,MARx5,payer_obs,4.0,KD_pooled,6593,437,0.06628242074927954,0.668911318681482,0.15339657639490467,0.21967963386727687,0.18250950570342206,0.07978158653116942,0.7254004576659039,0.090961262553802,0.5285909297740027,0.0694763520691931,0.9403432578226112,0.005273888386217682,0.05974850506001766,0.06225347669581667
LBW,MARx5,payer_obs,4.0,B4_logistic_pooled,6593,437,0.06628242074927954,0.6524435984018866,0.14104749726048535,0.2128146453089245,0.17448405253283303,0.08084331867131807,0.7963386727688787,0.08108108108108109,0.650993477931139,0.010578657086612972,1.0461885112210307,0.0038307715537435794,0.06019100260318856,0.0656465876480494
LBW,MARx5,foreign_born,0.0,T_oracle,152154,10537,0.06925220500282608,0.6948002033957057,0.16548856316295127,0.2950555186485717,0.1841715538179018,0.11094680389605269,0.8005124798329696,0.09590022283869207,0.5780722163071624,0.012784480465739,0.9892215931872891,0.001534010759035258,0.06169234619579703,0.06846791050257245
LBW,MARx5,foreign_born,0.0,B1_teacher_meanimp,152154,10537,0.06925220500282608,0.691456422259239,0.1617488124833167,0.2941064819208503,0.1839278295447801,0.1107364906607779,0.7972857549587169,0.09549520875723233,0.5781839452134022,0.024124374481033835,0.9825852812217718,0.001090049685380551,0.061823080197189476,0.0677771715625173
LBW,MARx5,foreign_born,0.0,B2_teacher_iterimp,152154,10537,0.06925220500282608,0.690421135753252,0.15832659374451055,0.2921135047926355,0.1818289224952741,0.11125570146036252,0.8015564202334631,0.09499493870205826,0.5843421796337921,0.016972656726950277,0.9779891643021215,0.0013633386960906946,0.06191069876147053,0.06821124974632133
LBW,MARx5,foreign_born,0.0,B3_pooled,152154,10537,0.06925220500282608,0.6919722385342715,0.16157337083921378,0.2930625415203568,0.18309024072097713,0.11084821956701763,0.800132865141881,0.09536035832239967,0.5810691799098282,0.012677808691836727,1.0045109269680488,0.0012374631133539704,0.06182180200525881,0.06847213329954584
LBW,MARx5,foreign_born,0.0,KD_pooled,152154,10537,0.06925220500282608,0.6930347311797428,0.16267033313447296,0.29439119293916677,0.18298725814063238,0.11141343638681862,0.8019360349245516,0.0955828290255076,0.5810231738896119,0.012483829037080927,1.0009080738774128,0.001568277864738687,0.06178344714858516,0.0684844180021898
LBW,MARx5,foreign_born,0.0,B4_logistic_pooled,152154,10537,0.06925220500282608,0.6672537001788831,0.14396904568517513,0.2733225775837525,0.16808684486984943,0.11260959291244398,0.8160766821675999,0.08815147414606142,0.64111360858078,-0.014508264707094602,0.9903237703052862,0.00335873988068278,0.06252380308145869,0.07016076708920646
LBW,MARx5,foreign_born,1.0,T_oracle,47575,3189,0.06703100367840252,0.644390867640995,0.12119861983365374,0.14455942301661964,0.15836482308485056,0.06118759852863899,0.8121668234556287,0.08288265224487183,0.6568365738307935,0.01994056368021219,0.9419470756123397,0.002901046231641764,0.061300207864662705,0.06582341399713636
LBW,MARx5,foreign_born,1.0,B1_teacher_meanimp,47575,3189,0.06703100367840252,0.6418000665701361,0.11947544244787367,0.14769520225776106,0.15679094540612518,0.06314240672622176,0.8146754468485419,0.08196876478939896,0.6662112454019968,0.012665402723767021,0.9338658837553543,0.002899867578165376,0.06135748983823938,0.06626134206299882
LBW,MARx5,foreign_born,1.0,B2_teacher_iterimp,47575,3189,0.06703100367840252,0.6414228737129872,0.11795925215485055,0.1464408905613045,0.15825144018976617,0.062028376248029427,0.812793979303857,0.08248997517662784,0.6604729374671571,0.017980897722566665,0.9247102528258606,0.002813833654125339,0.06140450418536646,0.06594122083336705
LBW,MARx5,foreign_born,1.0,B3_pooled,47575,3189,0.06703100367840252,0.6425685182882848,0.12011908491245213,0.14612731263719034,0.16654753395282346,0.058812401471361006,0.8231420507996237,0.08220593761743705,0.6711928533893852,0.013431790122788367,0.989904986603447,0.001967814719443988,0.061324680553572576,0.06621319730567139
LBW,MARx5,foreign_born,1.0,KD_pooled,47575,3189,0.06703100367840252,0.6435764099876002,0.12013669669665092,0.13954217623079335,0.16258677383997078,0.05753021544929059,0.823769206647852,0.08256851898415891,0.668754598003153,0.0153747788697837,0.9719623162202559,0.0025655202418372403,0.06132094572690502,0.06609642051608151
LBW,MARx5,foreign_born,1.0,B4_logistic_pooled,47575,3189,0.06703100367840252,0.6073095398435772,0.10885647210271374,0.14455942301661964,0.1498699609882965,0.06465580662112454,0.8109125117591721,0.07621798461493118,0.7131686810299527,0.013212868276428853,0.828621911078945,0.005540054628193527,0.06177553374135945,0.06622610889550545
PTB,MCAR,mracehisp,1.0,T_oracle,100148,7620,0.0760873906618205,0.6714480702840664,0.1802688606179272,0.23031496062992127,0.23328459391200318,0.07511882414027239,0.7101049868766404,0.10623552047748067,0.5085872908096017,0.02180169314311691,0.9917706127865513,0.0017463616406645237,0.06716407632781546,0.07463545635802735
PTB,MCAR,mracehisp,1.0,B1_teacher_meanimp,100148,7620,0.0760873906618205,0.6703543565219443,0.17991901840930727,0.23083989501312335,0.23338198222104287,0.07525861724647522,0.7094488188976378,0.10580291613660828,0.5101949115309342,0.023713722505218682,0.9901192348012158,0.0017363058415176696,0.06718009567602272,0.07450900768137127
PTB,MCAR,mracehisp,1.0,B2_teacher_iterimp,100148,7620,0.0760873906618205,0.6688757021780284,0.1718135008624658,0.2293963254593176,0.23344017094017094,0.07476934137476535,0.7045931758530184,0.10589952464545652,0.5062407636697688,0.007983302459845357,0.9642386330603561,0.0017864428457797744,0.06739157927773981,0.07555373520544112
PTB,MCAR,mracehisp,1.0,B3_pooled,100148,7620,0.0760873906618205,0.6689342649999569,0.17682232066768744,0.2304461942257218,0.2323980942297512,0.07544833646203619,0.7045931758530184,0.10566609592411091,0.5073591085193913,0.023967604280762365,1.0015977881980906,0.002172428913465406,0.06726589881635224,0.07448908721755021
PTB,MCAR,mracehisp,1.0,KD_pooled,100148,7620,0.0760873906618205,0.669834541536806,0.17857421858570344,0.22979002624671915,0.2340909090909091,0.07468945959979231,0.708005249343832,0.1060296371997956,0.508068059272277,0.023171815755290703,0.9957627137012086,0.0020342473906273563,0.06721578896416143,0.07454342203367376
PTB,MCAR,mracehisp,1.0,B4_logistic_pooled,100148,7620,0.0760873906618205,0.63896243877997,0.15978011307150428,0.20131233595800524,0.22135642135642136,0.06919758757039582,0.7018372703412074,0.09824019986039163,0.5435755082477932,0.01871653148704101,1.0388836706977111,0.004128245283055448,0.06800692577659752,0.07482215232198122
PTB,MCAR,mracehisp,7.0,T_oracle,54162,4661,0.0860566448801743,0.6473719412506608,0.16799160705045846,0.23964814417506972,0.2095291690114425,0.09842694139802814,0.8195666166058786,0.1031791048807498,0.6835604298216462,-0.014853832072590762,0.9233543743135317,0.005718778683185025,0.07616125320881478,0.08718521246705446
PTB,MCAR,mracehisp,7.0,B1_teacher_meanimp,54162,4661,0.0860566448801743,0.6463104767775059,0.16764225569111457,0.2385754130015018,0.2091798344620015,0.09814999446106126,0.8163484230851749,0.1026741142502496,0.6842251024703667,-0.011629185394381325,0.9211827518742606,0.005350177861211693,0.07617761093335741,0.08693915891667367
PTB,MCAR,mracehisp,7.0,B2_teacher_iterimp,54162,4661,0.0860566448801743,0.6460110282945184,0.16389264728517797,0.2385754130015018,0.20785046728971962,0.09877774085151951,0.8189229779017378,0.10278436018957346,0.6856467634134633,-0.03257029885169824,0.898108665126052,0.004708376382758635,0.0763690132214244,0.0885441770614326
PTB,MCAR,mracehisp,7.0,B3_pooled,54162,4661,0.0860566448801743,0.6455980676423394,0.1673124366391912,0.23492812701137095,0.2098907418056354,0.09632214467707988,0.8146320532074662,0.1034463969486446,0.6776891547579483,0.0006393227823419977,0.9342359665965205,0.0059302625237241755,0.07618378262578832,0.08600829180510289
PTB,MCAR,mracehisp,7.0,KD_pooled,54162,4661,0.0860566448801743,0.6465124235515154,0.16769467993506124,0.23707358935850675,0.20712277413308341,0.09850079391455265,0.8202102553100193,0.1037449118046133,0.6803663084819616,-0.011346785877249986,0.9267320278244471,0.005930418163433339,0.07617805351927695,0.08691818563852065
PTB,MCAR,mracehisp,7.0,B4_logistic_pooled,54162,4661,0.0860566448801743,0.6187546413918913,0.1578850712830147,0.2018880068654795,0.21013845466726216,0.08267789224917839,0.8390903239648144,0.09439563622320911,0.7649643661607769,-0.004678295570722268,0.8935257014728576,0.005634948611647801,0.07674323332656904,0.0864129913567161
PTB,MCAR,mracehisp,3.0,T_oracle,1259,150,0.11914217633042097,0.709678388938984,0.2823407450381505,0.4266666666666667,0.28193832599118945,0.18030182684670373,0.8533333333333334,0.14479638009049775,0.7021445591739476,0.15973417248921234,0.9771564469777789,0.015614020673800825,0.09729122217260615,0.10455475389474647
PTB,MCAR,mracehisp,3.0,B1_teacher_meanimp,1259,150,0.11914217633042097,0.7070333633904418,0.2831035982462505,0.4266666666666667,0.2782608695652174,0.18268467037331215,0.8533333333333334,0.14414414414414414,0.7053216838760922,0.15961631239970886,0.975728881307248,0.01551003883435032,0.09725099139492813,0.1045616606428159
PTB,MCAR,mracehisp,3.0,B2_teacher_iterimp,1259,150,0.11914217633042097,0.7043162007814848,0.2758486913871692,0.43333333333333335,0.2801724137931034,0.18427323272438442,0.8466666666666667,0.1449771689497717,0.6957903097696585,0.14201225475760623,0.9389394772196635,0.014167681339816704,0.09750686502962669,0.10616471390085572
PTB,MCAR,mracehisp,3.0,B3_pooled,1259,150,0.11914217633042097,0.7007874962428613,0.28493308629508735,0.42,0.27510917030567683,0.181890389197776,0.9333333333333333,0.13685239491691104,0.812549642573471,0.09154528859719772,1.0504635365998438,0.011369723324526954,0.0974142624731672,0.11045367989171483
PTB,MCAR,mracehisp,3.0,KD_pooled,1259,150,0.11914217633042097,0.702560865644725,0.28110837849910325,0.41333333333333333,0.26956521739130435,0.18268467037331215,0.9133333333333333,0.14196891191709846,0.7664813343923749,0.12634498421785562,1.0134870714326583,0.013759816385768482,0.09739462704571668,0.10736444116151496
PTB,MCAR,mracehisp,3.0,B4_logistic_pooled,1259,150,0.11914217633042097,0.6906582506762848,0.2679602705930645,0.44666666666666666,0.2454212454212454,0.21683876092136617,0.9466666666666667,0.12380122057541412,0.9110405083399523,-0.0047529822749568015,1.021568426432105,0.010927003112429624,0.0983099113321087,0.1196092634057138
PTB,MCAR,mracehisp,2.0,T_oracle,25508,3177,0.12454916104751451,0.6750620302852663,0.25154723487289204,0.4368901479383066,0.24350877192982456,0.22345930688411478,0.9641170915958451,0.13316812312508153,0.9017171083581621,0.024406686638118374,0.9819117250476245,0.005015599806407968,0.10300191075886266,0.12206345235389553
PTB,MCAR,mracehisp,2.0,B1_teacher_meanimp,25508,3177,0.12454916104751451,0.6737701881302356,0.2510212339866925,0.43657538558388415,0.24367533380182713,0.22314567978673358,0.9638023292414227,0.1330032143167405,0.9025403794887878,0.027456267684353445,0.9764931199967658,0.005264096305816909,0.10306677701515332,0.12175581156381315
PTB,MCAR,mracehisp,2.0,B2_teacher_iterimp,25508,3177,0.12454916104751451,0.6730816956944764,0.24307303420825332,0.42870632672332387,0.24343163538873994,0.21934295123098635,0.9625432798237331,0.13351962624983627,0.8978751764152423,0.019655884076560073,0.9530863851039886,0.005062623772924535,0.10336169170603081,0.12254751871587023
PTB,MCAR,mracehisp,2.0,B3_pooled,25508,3177,0.12454916104751451,0.6722212898175047,0.2470613459934522,0.43909348441926344,0.23997935661448477,0.22788928963462443,0.9767075857727415,0.1319695487602603,0.9217892425905598,0.009419581347842855,0.9890644624967011,0.004306685800869618,0.10320675788747585,0.12358245039487047
PTB,MCAR,mracehisp,2.0,KD_pooled,25508,3177,0.12454916104751451,0.6735840172835555,0.250153630573288,0.4403525338369531,0.24305072967338429,0.2256546965657833,0.9700975763298709,0.13244520842286206,0.9122628195076055,0.01724598216712514,0.9891220316684783,0.0044261121480419635,0.10308728045889495,0.12278508468702636
PTB,MCAR,mracehisp,2.0,B4_logistic_pooled,25508,3177,0.12454916104751451,0.6485580632379572,0.23455332806975382,0.47560591753226317,0.2122489113639556,0.27908891328210755,0.9732451998740951,0.1294102875319131,0.9366865297161675,-0.025146205982669975,0.8651277851888832,0.008834403446628409,0.1045856233593894,0.12714080012918236
PTB,MCAR,mracehisp,6.0,T_oracle,5013,435,0.08677438659485338,0.6466697297921593,0.17363886642776194,0.26436781609195403,0.21178637200736647,0.10831837223219629,0.7977011494252874,0.10442371351188685,0.6628765210452823,-0.02737887479800791,0.871214064092228,0.006589679784926492,0.07666159568491979,0.08886062320212794
PTB,MCAR,mracehisp,6.0,B1_teacher_meanimp,5013,435,0.08677438659485338,0.6490167869320036,0.17310374815618304,0.26436781609195403,0.21296296296296297,0.10771992818671454,0.8,0.10434782608695652,0.6652702972272092,-0.02241051380411218,0.879216750968505,0.006357699200945633,0.07667163768118873,0.08847994811881572
PTB,MCAR,mracehisp,6.0,B2_teacher_iterimp,5013,435,0.08677438659485338,0.6496537663889768,0.1664148404578034,0.2620689655172414,0.20652173913043478,0.11011370436864153,0.8114942528735632,0.10606971153846154,0.6638739277877519,-0.04166591573191373,0.8433706986597211,0.006316395535768024,0.07710960913722625,0.08995901497515256
PTB,MCAR,mracehisp,6.0,B3_pooled,5013,435,0.08677438659485338,0.6474533375514078,0.17211377745831796,0.2620689655172414,0.20540540540540542,0.11071214841412327,0.7977011494252874,0.10592185592185592,0.6535008976660682,-0.006571549022441375,0.8917267389723963,0.005639500109854029,0.07662438387033099,0.08727297385804064
PTB,MCAR,mracehisp,6.0,KD_pooled,5013,435,0.08677438659485338,0.6454379516227032,0.171609820543152,0.26436781609195403,0.2072072072072072,0.11071214841412327,0.8183908045977012,0.10545023696682465,0.6734490325154598,-0.02592453123093005,0.8724796709517386,0.006760124518223996,0.0767307479400653,0.0887523102128234
PTB,MCAR,mracehisp,6.0,B4_logistic_pooled,5013,435,0.08677438659485338,0.6302784933439789,0.16855489384773314,0.23448275862068965,0.20987654320987653,0.09694793536804308,0.8091954022988506,0.10051399200456881,0.6985836824256932,0.02207344552752458,0.8974301375027802,0.007452365509146326,0.07703743458869135,0.08510655534027349
PTB,MCAR,mracehisp,4.0,T_oracle,12584,946,0.07517482517482517,0.6379340913904913,0.1558762450635431,0.1828752642706131,0.2023391812865497,0.0679434202161475,0.7441860465116279,0.093691775352675,0.5971074380165289,-0.041808906206785935,0.98064548880429,0.003018371131755603,0.06741191117840606,0.07803789953563559
PTB,MCAR,mracehisp,4.0,B1_teacher_meanimp,12584,946,0.07517482517482517,0.6343633271774645,0.1541956175975866,0.1839323467230444,0.20256111757857975,0.06826128417037508,0.7420718816067653,0.09223492313756405,0.604815638906548,-0.04289039076833813,0.9687821263727415,0.003186540173453216,0.06747144163005545,0.0781138584560279
PTB,MCAR,mracehisp,4.0,B2_teacher_iterimp,12584,946,0.07517482517482517,0.6287246306569534,0.1487328829268795,0.19027484143763213,0.20501138952164008,0.06977113795295614,0.7536997885835095,0.09059720457433292,0.6253973299427845,-0.07862905487016951,0.9412350319116336,0.005678186479145803,0.0676703963662478,0.08063790078040518
PTB,MCAR,mracehisp,4.0,B3_pooled,12584,946,0.07517482517482517,0.6328755276783389,0.15240598898258592,0.18604651162790697,0.20927467300832342,0.06683089637635092,0.7621564482029598,0.09167196439923712,0.625,-0.04837475539197109,0.9896850499570191,0.003576871618988303,0.0675409361267542,0.07850453808520352
PTB,MCAR,mracehisp,4.0,KD_pooled,12584,946,0.07517482517482517,0.6359080772434981,0.15368856633495104,0.1849894291754757,0.205158264947245,0.0677844882390337,0.7452431289640592,0.09319233311302048,0.6011602034329308,-0.04517322270792713,0.9803210890757702,0.0030660334073525455,0.06749268512113439,0.07827604126603067
PTB,MCAR,mracehisp,4.0,B4_logistic_pooled,12584,946,0.07517482517482517,0.6043982913739965,0.13857189618499474,0.17230443974630022,0.20148331273176762,0.0642879847425302,0.7674418604651163,0.08611078163918871,0.6699777495232041,-0.048274855002525235,0.900435108945051,0.004954467013392471,0.0680812734887585,0.07850173264128196
PTB,MCAR,mage_band,20-34,T_oracle,150412,12206,0.08115044012445816,0.6673941324100996,0.18370194845472293,0.24102900213009995,0.2310713163682061,0.08464750152913332,0.7564312633131247,0.10686589967360356,0.5744089567321756,0.01828775819129127,0.9877622049607315,0.001998926957928279,0.07134844711786469,0.07985618050655756
PTB,MCAR,mage_band,20-34,B1_teacher_meanimp,150412,12206,0.08115044012445816,0.6662316054867446,0.18308678614545473,0.24078322136654104,0.23105345911949685,0.08456772066058559,0.7544650172046534,0.1063652848843253,0.5756123181661038,0.02108626259335948,0.9852727815981868,0.0021440014026482494,0.07137414019552661,0.07965953051790592
PTB,MCAR,mage_band,20-34,B2_teacher_iterimp,150412,12206,0.08115044012445816,0.6650600006009927,0.17548972445668054,0.2389808291004424,0.23024705975215093,0.08422865196925777,0.7519252826478781,0.10658583887863057,0.572487567481318,0.004559275660947824,0.9601130918777856,0.0016861240263903777,0.07158574728575488,0.0808265982611592
PTB,MCAR,mage_band,20-34,B3_pooled,150412,12206,0.08115044012445816,0.6652562847141512,0.1804522014344567,0.2396362444699328,0.22941176470588234,0.0847671728319549,0.7592987055546453,0.10617725231417835,0.5803260378161317,0.016767211230684764,0.9993852007233055,0.0017271196940229893,0.07143800314455992,0.0799604658498463
PTB,MCAR,mage_band,20-34,KD_pooled,150412,12206,0.08115044012445816,0.6663156883795411,0.18191923076084132,0.24111092905128625,0.23095032566899473,0.08472063399196872,0.7597083401605768,0.10690446271082879,0.576689359891498,0.01673652847403679,0.9920763134132583,0.0018941517023818265,0.07139852171899912,0.07996406957284578
PTB,MCAR,mage_band,20-34,B4_logistic_pooled,150412,12206,0.08115044012445816,0.6390517225093981,0.16558480558756528,0.2337375061445191,0.2109115103127079,0.08993298407041991,0.7777322628215632,0.09782463082614565,0.6451679387282929,-0.020604788136884634,0.9708209737767791,0.003796404621339846,0.07214195189007377,0.08264309391914547
PTB,MCAR,mage_band,35+,T_oracle,41991,4183,0.09961658450620371,0.6832320467120561,0.21321896282291466,0.3710255797274683,0.2225727807256561,0.16605939367959802,0.8742529285202009,0.12129755547447676,0.7179871877307042,-0.019079497899645772,0.9435170740893527,0.0034193884573783906,0.08518830519897641,0.10123976175042129
PTB,MCAR,mage_band,35+,B1_teacher_meanimp,41991,4183,0.09961658450620371,0.6823309861905023,0.21309043233422809,0.37174276834807557,0.22271555428244055,0.16627372532209284,0.8747310542672723,0.12080692023243529,0.721297420875902,-0.01803687763751803,0.9424737287127005,0.00360788875548073,0.08520559766050542,0.10115086180250075
PTB,MCAR,mage_band,35+,B2_teacher_iterimp,41991,4183,0.09961658450620371,0.6808144057942043,0.20829335026523538,0.37054745398039685,0.2220312276178198,0.16624991069514897,0.8804685632321301,0.11995179781136009,0.7312043056845514,-0.039553856839430836,0.9331489455251047,0.004388221113506026,0.08541338458711545,0.1030079741985164
PTB,MCAR,mage_band,35+,B3_pooled,41991,4183,0.09961658450620371,0.6803399253006926,0.21139768660566816,0.3724599569686828,0.2232731441673832,0.16617846681431736,0.8677982309347358,0.12143311143076975,0.7118906432330737,-0.0076248202747520415,0.9396512492028347,0.0038679098197168366,0.08528559604400053,0.10026297542668883
PTB,MCAR,mage_band,35+,KD_pooled,41991,4183,0.09961658450620371,0.6808620944366135,0.21259785339075038,0.37054745398039685,0.2220312276178198,0.16624991069514897,0.8709060482907005,0.12124742062171337,0.7155342811554857,-0.014862019155266354,0.9432323742478091,0.0035470682567127804,0.08523415500583524,0.10088040809018238
PTB,MCAR,mage_band,35+,B4_logistic_pooled,41991,4183,0.09961658450620371,0.6565658882521186,0.20210150693618778,0.3366005259383218,0.22030981067125646,0.1521992807982663,0.8615825962228066,0.1149894709973837,0.7463980376747398,0.026444617857156953,0.8866180275644922,0.0050149503445225466,0.08612340543820304,0.09740575149093324
PTB,MCAR,mage_band,<20,T_oracle,7597,708,0.09319468211135974,0.6327031630709072,0.18444048512168099,0.2231638418079096,0.23939393939393938,0.08687639857838621,0.9590395480225988,0.096847810583369,0.922864288534948,-0.03423575837206079,1.0471928130677195,0.005108843868051233,0.08144120797795962,0.09603351785628617
PTB,MCAR,mage_band,<20,B1_teacher_meanimp,7597,708,0.09319468211135974,0.6328889173192669,0.18390420339529912,0.22175141242937854,0.2389649923896499,0.08648150585757536,0.9590395480225988,0.09665480427046264,0.9247071212320653,-0.031029535066751476,1.0444821961864714,0.004614050918755118,0.08147207611135336,0.09576471020190157
PTB,MCAR,mage_band,<20,B2_teacher_iterimp,7597,708,0.09319468211135974,0.6324819391923422,0.173981466824585,0.2189265536723164,0.23809523809523808,0.08569172041595366,0.9562146892655368,0.09683879273351452,0.920231670396209,-0.04889677213254524,0.9444095475884384,0.005946928964543066,0.08205042705033265,0.09724643248384973
PTB,MCAR,mage_band,<20,B3_pooled,7597,708,0.09319468211135974,0.6287329222956765,0.18358456347632335,0.2231638418079096,0.23511904761904762,0.08845596946162959,0.9562146892655368,0.09714449705840149,0.9173357904435961,-0.025476241863191123,1.0406937203888555,0.00487527959187976,0.0815357079491255,0.09530209007528619
PTB,MCAR,mage_band,<20,KD_pooled,7597,708,0.09319468211135974,0.634243221610149,0.1840933944469525,0.22033898305084745,0.23388305847076463,0.08779781492694484,0.96045197740113,0.09639920612418486,0.9285244175332368,-0.03549841415741181,1.0577210662328433,0.005079941289490948,0.08145835611415274,0.09614196863859774
PTB,MCAR,mage_band,<20,B4_logistic_pooled,7597,708,0.09319468211135974,0.6031392262946005,0.16620319046795856,0.1497175141242938,0.24882629107981222,0.056074766355140186,0.8163841807909604,0.10226468506723284,0.7439778860076346,0.1726975239411782,1.0766280899897163,0.014041693226724395,0.08287437456100935,0.07979265951049559
PTB,MCAR,payer_obs,2.0,T_oracle,105036,8177,0.07784949921931528,0.660291885021829,0.16595633887500938,0.21425950837715543,0.2162962962962963,0.07711641722837884,0.732297908768497,0.1035538261997406,0.5505255341025934,0.011538025146274234,0.9771776909767884,0.002535312055624281,0.06921398435622694,0.07705625652734165
PTB,MCAR,payer_obs,2.0,B1_teacher_meanimp,105036,8177,0.07784949921931528,0.6588134181266831,0.1653367308830486,0.21450409685703803,0.21569109690113134,0.07742107467915763,0.732297908768497,0.103029990192536,0.5533245744316234,0.012846940489196757,0.9726153924797,0.0022374599155041805,0.06924149524784216,0.07696663978170734
PTB,MCAR,payer_obs,2.0,B2_teacher_iterimp,105036,8177,0.07784949921931528,0.65734304323934,0.15984229892235718,0.21315886021768374,0.2158513931888545,0.07687840359495791,0.7330316742081447,0.10279011541165778,0.5551715602269698,-0.006516778671133154,0.9485145669476054,0.0027408544143508744,0.06941727705981258,0.07830013786046848
PTB,MCAR,payer_obs,2.0,B3_pooled,105036,8177,0.07784949921931528,0.6584713474042596,0.16395612247378932,0.21450409685703803,0.2159300750954081,0.07733538977112608,0.732297908768497,0.10338754791256605,0.5514109448189193,0.015269549875874366,0.9853284849613776,0.002597929088288492,0.0692684617297419,0.07679997376237506
PTB,MCAR,payer_obs,2.0,KD_pooled,105036,8177,0.07784949921931528,0.6592685326451145,0.16513125220159808,0.21450409685703803,0.2159300750954081,0.07733538977112608,0.7319310260486731,0.1038810011455549,0.5485166990365208,0.01275405885671643,0.9792887454317228,0.002308860003598832,0.06924150430821707,0.07697248987055791
PTB,MCAR,payer_obs,2.0,B4_logistic_pooled,105036,8177,0.07784949921931528,0.6315794243324437,0.15175726345352514,0.189922954628837,0.2077869949157078,0.07115655584751894,0.7209245444539563,0.09758156627104335,0.5751456643436536,0.02048191398994378,0.974335530214976,0.0038051901846635687,0.06984587475641565,0.0764363073791294
PTB,MCAR,payer_obs,1.0,T_oracle,79152,7776,0.09824135839902971,0.6717243134774353,0.2151237166325669,0.32960390946502055,0.23773304888229294,0.13620628663836667,0.8693415637860082,0.11591817137369892,0.7367722862340813,0.006449963759716241,0.9681489141555868,0.0018194129844405172,0.08409574064398966,0.09770241906320434
PTB,MCAR,payer_obs,1.0,B1_teacher_meanimp,79152,7776,0.09824135839902971,0.671194475600091,0.21494481175296334,0.3297325102880658,0.23844508509253232,0.13585253689104507,0.8666409465020576,0.11553627760252366,0.7369112593491005,0.009931569329068071,0.9671372507207556,0.002071355615425265,0.0841113338025151,0.09741248844873851
PTB,MCAR,payer_obs,1.0,B2_teacher_iterimp,79152,7776,0.09824135839902971,0.6703459238540719,0.20783594208411005,0.32677469135802467,0.23676854267610883,0.13558722458055386,0.8641975308641975,0.11599806669888835,0.7319082272084091,-0.0034034171730022863,0.9475301458104562,0.0017017709437558658,0.0843499419350603,0.09852636920863508
PTB,MCAR,payer_obs,1.0,B3_pooled,79152,7776,0.09824135839902971,0.6695826564565511,0.21197490793647192,0.3279320987654321,0.23652722381968277,0.13620628663836667,0.8695987654320988,0.11531181255435617,0.7408656761673742,0.009828127610490596,0.9733317098970687,0.0017945227488085657,0.0842080351133413,0.09741949397534155
PTB,MCAR,payer_obs,1.0,KD_pooled,79152,7776,0.09824135839902971,0.6706249895859566,0.2138492406642097,0.3298611111111111,0.23796270526022822,0.13618101879927227,0.8722993827160493,0.11557138232437682,0.7414973721447342,0.006383180509796693,0.9732691131443645,0.0018278386471328701,0.08414457937285057,0.0977072571362107
PTB,MCAR,payer_obs,1.0,B4_logistic_pooled,79152,7776,0.09824135839902971,0.6454793612615346,0.19783261820626663,0.32497427983539096,0.21771344878090806,0.14664190418435416,0.8863168724279835,0.10751279171346562,0.8098847786537295,-0.012465550807365562,0.9120968965861517,0.00680708433585327,0.08515801144329165,0.09929487328644576
PTB,MCAR,payer_obs,3.0,T_oracle,9219,616,0.06681852695520121,0.7226603600978819,0.19325570547887597,0.30357142857142855,0.22209026128266032,0.091333116390064,0.6996753246753247,0.11610991379310345,0.40264670788588786,-0.03203181717619517,0.9652621210039901,0.002896681730089013,0.058587308786594704,0.06871156616061905
PTB,MCAR,payer_obs,3.0,B1_teacher_meanimp,9219,616,0.06681852695520121,0.7218601824189991,0.1927230413140483,0.2987012987012987,0.22009569377990432,0.09068228658205879,0.7012987012987013,0.11603545527800162,0.40383989586723074,-0.028954737654152955,0.9668262312080427,0.002818246057242749,0.05860221491886186,0.0685288298801654
PTB,MCAR,payer_obs,3.0,B2_teacher_iterimp,9219,616,0.06681852695520121,0.7187007024127796,0.17646557159105183,0.3003246753246753,0.21945432977461446,0.09144158802473153,0.702922077922078,0.1137677351550184,0.4128430415446361,-0.07226497257847582,0.914287949110842,0.004571261761468599,0.05923497465771664,0.07113269930980623
PTB,MCAR,payer_obs,3.0,B3_pooled,9219,616,0.06681852695520121,0.7145747066486925,0.18539621521835536,0.30194805194805197,0.22011834319526627,0.0916585312940666,0.6996753246753247,0.1110252447192169,0.4210868857793687,-0.059425165120789054,1.0055942178923023,0.003852695803752762,0.05879819119372348,0.07040080860702082
PTB,MCAR,payer_obs,3.0,KD_pooled,9219,616,0.06681852695520121,0.7171146881712963,0.1874818838029608,0.29545454545454547,0.21336459554513482,0.09252630437140688,0.7045454545454546,0.11337513061650993,0.41522941750732184,-0.0501932111094905,0.9670800555728198,0.00308887228888897,0.058756196422482976,0.06981609947331015
PTB,MCAR,payer_obs,3.0,B4_logistic_pooled,9219,616,0.06681852695520121,0.674236637476205,0.15925742704298468,0.22727272727272727,0.23178807947019867,0.0655168673391908,0.7305194805194806,0.09295600082627556,0.5251111834255342,-0.10127022047993928,1.1615980636456797,0.013444739835935622,0.06015970943256709,0.07321572138703547
PTB,MCAR,payer_obs,4.0,T_oracle,6593,528,0.08008493857121189,0.6731710135152014,0.20072847710767228,0.2840909090909091,0.2336448598130841,0.09737600485363264,0.7386363636363636,0.10529157667386609,0.5618079781586531,-0.0076926404627281906,1.0165370221492769,0.0033980977802732723,0.0699364605663132,0.08062771582544016
PTB,MCAR,payer_obs,4.0,B1_teacher_meanimp,6593,528,0.08008493857121189,0.6714734942166928,0.19834774714640574,0.2821969696969697,0.2335423197492163,0.0967693007735477,0.7348484848484849,0.10424502955400322,0.5645381465190353,-0.004886491911828954,1.009793594008632,0.003181836736603521,0.07002199019320074,0.08042941015330092
PTB,MCAR,payer_obs,4.0,B2_teacher_iterimp,6593,528,0.08008493857121189,0.6695075757575757,0.18667986721630972,0.2897727272727273,0.2350230414746544,0.09874108903382375,0.740530303030303,0.10418332001065814,0.5692401031396936,-0.03166652830237885,0.9659461020675623,0.004169050361275435,0.07028954930624136,0.0823319397779515
PTB,MCAR,payer_obs,4.0,B3_pooled,6593,528,0.08008493857121189,0.6679184153988358,0.19630692642363107,0.2859848484848485,0.23195084485407066,0.09874108903382375,0.7462121212121212,0.10622809382582907,0.5625663582587593,-0.013767332100438831,1.0039464911572373,0.002663517585854973,0.0701971939331693,0.08106040998967623
PTB,MCAR,payer_obs,4.0,KD_pooled,6593,528,0.08008493857121189,0.6697773801493916,0.19591252043772622,0.2803030303030303,0.23270440251572327,0.09646594873350524,0.7462121212121212,0.10625674217907227,0.562414682238738,-0.008104168601564364,1.002046496907236,0.0031505279557834756,0.07012971563638895,0.08065728811154833
PTB,MCAR,payer_obs,4.0,B4_logistic_pooled,6593,528,0.08008493857121189,0.6515159321991556,0.18231930879662983,0.2784090909090909,0.22306525037936267,0.09995449719399363,0.8295454545454546,0.09360974567215218,0.7096920976793569,-0.07459009863951364,1.054143967197278,0.0068340718065404765,0.07062782118189251,0.08553545578848029
PTB,MCAR,foreign_born,0.0,T_oracle,152154,13344,0.08770061910958633,0.677738173358007,0.20023783087351893,0.2885941247002398,0.2348027559295165,0.10779210536693087,0.80560551558753,0.11231846202068749,0.6290337421296844,0.015395650279392674,0.981994090560155,0.0032653288081971894,0.07607027855797109,0.08653861014193312
PTB,MCAR,foreign_born,0.0,B1_teacher_meanimp,152154,13344,0.08770061910958633,0.6766002764030401,0.1997617163247994,0.28851918465227816,0.2349136616022942,0.10771323790370282,0.8043315347721822,0.11190349587647139,0.6303679167159588,0.01819205911043162,0.9796138852109261,0.003112797775419446,0.07609854704917338,0.08632877936119314
PTB,MCAR,foreign_born,0.0,B2_teacher_iterimp,152154,13344,0.08770061910958633,0.6753989408969907,0.19238100825255502,0.28649580335731417,0.2341376776090152,0.10731232829896026,0.8038818944844125,0.11184443749348347,0.6303481998501518,0.0003788314160018039,0.9580416873958463,0.0034785493549065053,0.0763302749013948,0.08767190524179079
PTB,MCAR,foreign_born,0.0,B3_pooled,152154,13344,0.08770061910958633,0.675623862267437,0.196915849847093,0.2868705035971223,0.23384239462431278,0.10758836442025842,0.8041067146282974,0.11207670935260816,0.6292177662105498,0.018157643814527096,0.9883459763933196,0.0035583465030986417,0.07618004494956482,0.08632898499981226
PTB,MCAR,foreign_born,0.0,KD_pooled,152154,13344,0.08770061910958633,0.6762790154196072,0.1987001565944586,0.2880695443645084,0.23451894332255507,0.1077263824809075,0.8070293764988009,0.11233974191798542,0.6300261577086373,0.015772563403402745,0.98397067942201,0.0035348339895695476,0.07612991360271577,0.08650906600529595
PTB,MCAR,foreign_born,0.0,B4_logistic_pooled,152154,13344,0.08770061910958633,0.6488945495321918,0.18154367067615568,0.2730815347721823,0.21735759021771547,0.11018441841818158,0.8125749400479616,0.10441724526448581,0.6824861653324921,0.001367738285556745,0.9597002099200487,0.005015825441888662,0.07704731787722867,0.08759603386728751
PTB,MCAR,foreign_born,1.0,T_oracle,47575,3729,0.07838150289017341,0.6506030296901928,0.15717851745324127,0.21319388576025744,0.20213577421815407,0.08266946925906464,0.7508715473317243,0.10120725800621702,0.5815239096163952,-0.021521317783788206,0.932628273562274,0.003653398495705386,0.07003780977379392,0.07989151993250455
PTB,MCAR,foreign_born,1.0,B1_teacher_meanimp,47575,3729,0.07838150289017341,0.6497677143901117,0.15691066026024494,0.21319388576025744,0.20182787509520184,0.0827955859169732,0.7495307052829177,0.10054680192819627,0.5842984760903837,-0.02047888385289755,0.930673408624214,0.0035895523771421,0.0700478851895913,0.07981789542306456
PTB,MCAR,foreign_born,1.0,B2_teacher_iterimp,47575,3729,0.07838150289017341,0.6483212190275609,0.15231032202279032,0.21292571735049612,0.2010126582278481,0.08302679978980557,0.7495307052829177,0.10073524111583651,0.583205465055176,-0.03887417937040534,0.9055893404298215,0.003739102666961323,0.07023950725641775,0.08112381904483719
PTB,MCAR,foreign_born,1.0,B3_pooled,47575,3729,0.07838150289017341,0.6474832003922356,0.15615781512156113,0.21614373826763209,0.20175219023779725,0.08397267472411982,0.7581120943952803,0.10013459903655426,0.5934209143457698,-0.021575594567654843,0.9433271493893786,0.0031535923146666835,0.07006888831783123,0.07989826686388285
PTB,MCAR,foreign_born,1.0,KD_pooled,47575,3729,0.07838150289017341,0.6496173061993336,0.15685467242584736,0.21399839098954143,0.20115956642298966,0.0833841303205465,0.7532850630195763,0.10102862897424832,0.5844245927482922,-0.023300691502533027,0.9395967919431581,0.00325950614639071,0.07004882279564938,0.08001925381750896
PTB,MCAR,foreign_born,1.0,B4_logistic_pooled,47575,3729,0.07838150289017341,0.6231251773757946,0.14795984512887314,0.19174041297935104,0.2016925246826516,0.07451392538097741,0.7535532314293376,0.09369165110696186,0.630415133998949,-0.01341912051067235,0.9024208808673717,0.003808401289516296,0.07047331757771354,0.07932436508487857
PTB,MAR,mracehisp,1.0,T_oracle,100148,7620,0.0760873906618205,0.6714480702840664,0.1802688606179272,0.23031496062992127,0.23328459391200318,0.07511882414027239,0.7101049868766404,0.10623552047748067,0.5085872908096017,0.02180169314311691,0.9917706127865513,0.0017463616406645237,0.06716407632781546,0.07463545635802735
PTB,MAR,mracehisp,1.0,B1_teacher_meanimp,100148,7620,0.0760873906618205,0.6711406184828552,0.1800851184402129,0.23070866141732282,0.232355273592387,0.07554818868075248,0.710236220472441,0.10597427010515185,0.5099352957622718,0.023404119899914803,0.9923482671132083,0.0017447307188330683,0.0671713980237747,0.07452942973693921
PTB,MAR,mracehisp,1.0,B2_teacher_iterimp,100148,7620,0.0760873906618205,0.6694882584736781,0.1718929049679669,0.22965879265091863,0.23274371591967016,0.07507888325278587,0.7059055118110236,0.10586915446386395,0.5073291528537764,0.006522998870745103,0.964947703514582,0.0017883072565033455,0.06738486922833965,0.07565110398636841
PTB,MAR,mracehisp,1.0,B3_pooled,100148,7620,0.0760873906618205,0.6688168188175315,0.17701704096864904,0.2284776902887139,0.23142363418848863,0.07511882414027239,0.7066929133858267,0.1059080360303662,0.5077085912848983,0.023542134672830037,0.999668476966779,0.0024346569631556263,0.06726643651378657,0.07451745438432925
PTB,MAR,mracehisp,1.0,KD_pooled,100148,7620,0.0760873906618205,0.6702377145225644,0.17871025718351952,0.2300524934383202,0.23445232044937808,0.07465950393417742,0.7069553805774278,0.1063783570300158,0.5056516355793426,0.023402038095020464,0.9940450641723776,0.001848186711777801,0.06721278096198606,0.07452858891790633
PTB,MAR,mracehisp,1.0,B4_logistic_pooled,100148,7620,0.0760873906618205,0.6393117393024083,0.15967742995187,0.20131233595800524,0.22018085259078513,0.06956704077964612,0.7001312335958005,0.0986009203984697,0.5402703998082837,0.017396311790505978,1.037530555897515,0.004249146675163851,0.06801014005422652,0.07491084877669857
PTB,MAR,mracehisp,7.0,T_oracle,54162,4661,0.0860566448801743,0.6473719412506608,0.16799160705045846,0.23964814417506972,0.2095291690114425,0.09842694139802814,0.8195666166058786,0.1031791048807498,0.6835604298216462,-0.014853832072590762,0.9233543743135317,0.005718778683185025,0.07616125320881478,0.08718521246705446
PTB,MAR,mracehisp,7.0,B1_teacher_meanimp,54162,4661,0.0860566448801743,0.6464573469615953,0.1674317019593318,0.2379317742973611,0.2082238077356365,0.0983346257523725,0.8174211542587427,0.10288121405233171,0.6837450611129574,-0.01082241524722316,0.9219677479006505,0.005790500448083727,0.07618425186998071,0.08687779708660769
PTB,MAR,mracehisp,7.0,B2_teacher_iterimp,54162,4661,0.0860566448801743,0.6458410851042167,0.16355422065491304,0.23943359794035615,0.20832555534814262,0.0989069827554374,0.8172066080240292,0.10277095755875132,0.6842989549868912,-0.030313849509579383,0.8975456923917522,0.005000768008971524,0.0763823842487233,0.08837012746111883
PTB,MAR,mracehisp,7.0,B3_pooled,54162,4661,0.0860566448801743,0.6447784655721427,0.16608788861897106,0.23707358935850675,0.20995629868896068,0.09717144861711163,0.8135593220338984,0.10332988173742438,0.6775599128540305,0.0007952401182690342,0.9304585023890934,0.006277940921438201,0.07622274361262388,0.08599648852748612
PTB,MAR,mracehisp,7.0,KD_pooled,54162,4661,0.0860566448801743,0.6464582961469736,0.1673476453211127,0.2375026818279339,0.20687721921136237,0.09879620398065064,0.8189229779017378,0.1029784708358064,0.6843543443742846,-0.0116114442096423,0.9261871543939316,0.006359755280075657,0.07618537792950718,0.08693844031008649
PTB,MAR,mracehisp,7.0,B4_logistic_pooled,54162,4661,0.0860566448801743,0.6189629962507481,0.1576094688381376,0.2010298219266252,0.21008968609865472,0.08234555592481814,0.8375885003218193,0.09449352535398765,0.7628041800524353,-0.003273580374209656,0.8954763027567826,0.005640425990204512,0.07675056778750845,0.08630591193393018
PTB,MAR,mracehisp,3.0,T_oracle,1259,150,0.11914217633042097,0.709678388938984,0.2823407450381505,0.4266666666666667,0.28193832599118945,0.18030182684670373,0.8533333333333334,0.14479638009049775,0.7021445591739476,0.15973417248921234,0.9771564469777789,0.015614020673800825,0.09729122217260615,0.10455475389474647
PTB,MAR,mracehisp,3.0,B1_teacher_meanimp,1259,150,0.11914217633042097,0.7087105500450858,0.28194581157706733,0.4266666666666667,0.2807017543859649,0.18109610802223988,0.8466666666666667,0.1449771689497717,0.6957903097696585,0.16509639531555126,0.9790501290015314,0.015727922891388434,0.09730071747846974,0.10408861514103274
PTB,MAR,mracehisp,3.0,B2_teacher_iterimp,1259,150,0.11914217633042097,0.704580703336339,0.2715394255189257,0.43333333333333335,0.28761061946902655,0.17950754567116758,0.8466666666666667,0.14682080924855492,0.687053216838761,0.14897125470148784,0.9386937831315592,0.014916525338902665,0.09772461805759278,0.105554747658104
PTB,MAR,mracehisp,3.0,B3_pooled,1259,150,0.11914217633042097,0.7061617072437631,0.276212139168004,0.42,0.26582278481012656,0.18824463860206514,0.9466666666666667,0.13948919449901767,0.8085782366957903,0.08770701873489985,1.0454731436383198,0.012048766576383114,0.09733047942132504,0.11083102414947321
PTB,MAR,mracehisp,3.0,KD_pooled,1259,150,0.11914217633042097,0.705614667868951,0.2833912228788401,0.41333333333333333,0.2605042016806723,0.18903891977760126,0.9066666666666666,0.140641158221303,0.7680698967434472,0.12138641158474338,1.022341255231251,0.013377051962559632,0.09720194189055942,0.10781423219844466
PTB,MAR,mracehisp,3.0,B4_logistic_pooled,1259,150,0.11914217633042097,0.689576194770063,0.26684069382986186,0.44,0.24175824175824176,0.21683876092136617,0.9533333333333334,0.12489082969432315,0.90945194598888,-0.0008170262893981989,1.0174301599725823,0.010334601909680127,0.09832381419690389,0.11922232428428363
PTB,MAR,mracehisp,2.0,T_oracle,25508,3177,0.12454916104751451,0.6750620302852663,0.25154723487289204,0.4368901479383066,0.24350877192982456,0.22345930688411478,0.9641170915958451,0.13316812312508153,0.9017171083581621,0.024406686638118374,0.9819117250476245,0.005015599806407968,0.10300191075886266,0.12206345235389553
PTB,MAR,mracehisp,2.0,B1_teacher_meanimp,25508,3177,0.12454916104751451,0.6740144880329203,0.2511196988572269,0.4368901479383066,0.24423719866267815,0.2227928493021797,0.9641170915958451,0.13297733784839802,0.9030108201348597,0.029406682871526483,0.9813040864024284,0.0049846965016566245,0.10303832381051109,0.12155834723411107
PTB,MAR,mracehisp,2.0,B2_teacher_iterimp,25508,3177,0.12454916104751451,0.6734374542563162,0.24346020429625131,0.4290210890777463,0.24400286430361617,0.21899012074643248,0.9631728045325779,0.1336361254258014,0.897679159479379,0.023152529504874057,0.9575791105616569,0.004908984679594752,0.10332958485276085,0.12219356753271193
PTB,MAR,mracehisp,2.0,B3_pooled,25508,3177,0.12454916104751451,0.6727656013333148,0.24811632958919444,0.44192634560906513,0.23828920570264767,0.23098635722126393,0.9751337740006295,0.13148847672000338,0.9236710051748471,0.00800298788530085,0.988755408852178,0.004724400386222882,0.10318280966072964,0.12372774132523347
PTB,MAR,mracehisp,2.0,KD_pooled,25508,3177,0.12454916104751451,0.6741986009644264,0.2508386414820091,0.4416115832546427,0.2418131678731472,0.22745805237572525,0.9694680516210261,0.1325415268095361,0.9110083111180806,0.017460565026230224,0.9901107318426899,0.004221515895998264,0.10304362654040944,0.12276374950636676
PTB,MAR,mracehisp,2.0,B4_logistic_pooled,25508,3177,0.12454916104751451,0.6491546824469858,0.23398122964476403,0.4771797293043752,0.21202797202797202,0.2803042182844598,0.9741894869373623,0.1294383338212538,0.9373921906852752,-0.025616169483297358,0.8644936678669052,0.008905526644538773,0.10463605992594083,0.1271899286535029
PTB,MAR,mracehisp,6.0,T_oracle,5013,435,0.08677438659485338,0.6466697297921593,0.17363886642776194,0.26436781609195403,0.21178637200736647,0.10831837223219629,0.7977011494252874,0.10442371351188685,0.6628765210452823,-0.02737887479800791,0.871214064092228,0.006589679784926492,0.07666159568491979,0.08886062320212794
PTB,MAR,mracehisp,6.0,B1_teacher_meanimp,5013,435,0.08677438659485338,0.645848711729762,0.17219922907650054,0.2574712643678161,0.2074074074074074,0.10771992818671454,0.7954022988505747,0.10396634615384616,0.6638739277877519,-0.02230380596523989,0.8670381060060587,0.006733364765695596,0.07674292290805437,0.08847150749877518
PTB,MAR,mracehisp,6.0,B2_teacher_iterimp,5013,435,0.08677438659485338,0.6461715952857997,0.16526498876894247,0.2574712643678161,0.20437956204379562,0.10931577897466586,0.8091954022988506,0.1055472263868066,0.6652702972272092,-0.04086489474253731,0.8322073072403147,0.006875674871150831,0.07718329389313854,0.08989646402283083
PTB,MAR,mracehisp,6.0,B3_pooled,5013,435,0.08677438659485338,0.6446488201945336,0.1733899011613282,0.26666666666666666,0.20350877192982456,0.11370436864153202,0.7908045977011494,0.1025946913212049,0.6688609615000998,-0.018315432519693173,0.8809560347376473,0.006109012259463992,0.07664100913277239,0.08816903714413304
PTB,MAR,mracehisp,6.0,KD_pooled,5013,435,0.08677438659485338,0.6440570343923714,0.17225785685042025,0.2620689655172414,0.20652173913043478,0.11011370436864153,0.8022988505747126,0.10343805572021339,0.6730500698184719,-0.028762430232626215,0.8608745505939345,0.007384918452941863,0.07671431572717057,0.08896903432244188
PTB,MAR,mracehisp,6.0,B4_logistic_pooled,5013,435,0.08677438659485338,0.6262637903416138,0.16677397182278864,0.23448275862068965,0.20987654320987653,0.09694793536804308,0.8,0.1001150747986191,0.6933971673648514,0.02337184930134861,0.8853382295597004,0.007206235986999662,0.07709941411127427,0.08500928024801456
PTB,MAR,mracehisp,4.0,T_oracle,12584,946,0.07517482517482517,0.6379340913904913,0.1558762450635431,0.1828752642706131,0.2023391812865497,0.0679434202161475,0.7441860465116279,0.093691775352675,0.5971074380165289,-0.041808906206785935,0.98064548880429,0.003018371131755603,0.06741191117840606,0.07803789953563559
PTB,MAR,mracehisp,4.0,B1_teacher_meanimp,12584,946,0.07517482517482517,0.6380572572098328,0.15567580163505854,0.1849894291754757,0.20348837209302326,0.06834075015893197,0.7463002114164905,0.09322593424006338,0.6017959313413859,-0.04317324613058587,0.9809194612720809,0.0030146994696569345,0.06741983542464279,0.07813300991233553
PTB,MAR,mracehisp,4.0,B2_teacher_iterimp,12584,946,0.07517482517482517,0.6316649421029819,0.14952316921281253,0.19133192389006343,0.20521541950113378,0.07008900190718373,0.7558139534883721,0.09082825203252033,0.6255562619198983,-0.07893455643908416,0.9515028714386047,0.005472062301133545,0.0676374421201852,0.08065932601530301
PTB,MAR,mracehisp,4.0,B3_pooled,12584,946,0.07517482517482517,0.6370438641077726,0.1534550099534464,0.18604651162790697,0.20803782505910165,0.06722822631913541,0.7632135306553911,0.09271863362013612,0.618801652892562,-0.048154037097552824,1.0013308272981285,0.0034497308542186396,0.06749551874859445,0.07848766321009508
PTB,MAR,mracehisp,4.0,KD_pooled,12584,946,0.07517482517482517,0.6374995140581612,0.1546982922593104,0.1839323467230444,0.2049469964664311,0.0674666242848061,0.7463002114164905,0.09321362556113018,0.6018753973299428,-0.04659034846524022,0.9823198565401321,0.0031777833236717656,0.06748075632579889,0.07837445833855193
PTB,MAR,mracehisp,4.0,B4_logistic_pooled,12584,946,0.07517482517482517,0.6048533963428835,0.13930145917925513,0.17230443974630022,0.20024570024570024,0.06468531468531469,0.7632135306553911,0.08595238095238095,0.6675143038779402,-0.05135297142015605,0.9026504371890096,0.004990198952362935,0.06806413048136585,0.07871766761799993
PTB,MAR,mage_band,20-34,T_oracle,150412,12206,0.08115044012445816,0.6673941324100996,0.18370194845472293,0.24102900213009995,0.2310713163682061,0.08464750152913332,0.7564312633131247,0.10686589967360356,0.5744089567321756,0.01828775819129127,0.9877622049607315,0.001998926957928279,0.07134844711786469,0.07985618050655756
PTB,MAR,mage_band,20-34,B1_teacher_meanimp,150412,12206,0.08115044012445816,0.6668977491416903,0.18296482547768272,0.23988202523349172,0.22980927713680244,0.0847073371805441,0.7555300671800754,0.10656343887219782,0.5753530303433236,0.02085759330552522,0.9872923324547985,0.0022007745807889785,0.07137289286087624,0.07967547885154129
PTB,MAR,mage_band,20-34,B2_teacher_iterimp,150412,12206,0.08115044012445816,0.665550506964661,0.17549363553930547,0.2386531214156972,0.2294062057016853,0.08442145573491477,0.7525806980173685,0.10660198906824801,0.5728997686354812,0.004196263456536176,0.9620765229803309,0.00163819655591891,0.07158446418187643,0.08085231397786301
PTB,MAR,mage_band,20-34,B3_pooled,150412,12206,0.08115044012445816,0.6653204638453947,0.18046200117313177,0.24020973291823694,0.2281002022716664,0.08545860702603515,0.7591348517122727,0.10621883418352725,0.5799736723133793,0.015854485404460196,0.9965601723497133,0.001806709815969797,0.07143979161153347,0.08002518735797051
PTB,MAR,mage_band,20-34,KD_pooled,150412,12206,0.08115044012445816,0.666614264364857,0.1820292010497223,0.24111092905128625,0.22963483146067415,0.08520596760896737,0.7579878748156644,0.10667589069526115,0.5766162274286626,0.0164595308286383,0.9903290065155057,0.0017676921577477074,0.07139474675769325,0.07998388075188381
PTB,MAR,mage_band,20-34,B4_logistic_pooled,150412,12206,0.08115044012445816,0.6394333603093971,0.1654793661965857,0.2343109945928232,0.21089890126096897,0.09015902986463846,0.7758479436342782,0.09803211146882537,0.6422426402148764,-0.020804320293375686,0.9712193639521013,0.0040121188607783,0.07214711617263836,0.08265764605369495
PTB,MAR,mage_band,35+,T_oracle,41991,4183,0.09961658450620371,0.6832320467120561,0.21321896282291466,0.3710255797274683,0.2225727807256561,0.16605939367959802,0.8742529285202009,0.12129755547447676,0.7179871877307042,-0.019079497899645772,0.9435170740893527,0.0034193884573783906,0.08518830519897641,0.10123976175042129
PTB,MAR,mage_band,35+,B1_teacher_meanimp,41991,4183,0.09961658450620371,0.6829475019497837,0.21345897556051602,0.37437245995696866,0.2228229937393284,0.1673691981615108,0.8756873057614153,0.12115098395898793,0.7200352456478769,-0.01782710188410361,0.945969231545496,0.003408342497452837,0.0851760493058591,0.10113313451972672
PTB,MAR,mage_band,35+,B2_teacher_iterimp,41991,4183,0.09961658450620371,0.6810556406444925,0.20858632195888424,0.37365527133636145,0.22264957264957264,0.16717868114595985,0.8807076261056658,0.12,0.7311090471767759,-0.03975513165292234,0.9361058717395052,0.0044052109674715895,0.08539297206651619,0.10302627849637663
PTB,MAR,mage_band,35+,B3_pooled,41991,4183,0.09961658450620371,0.6807167901403309,0.21126816489872235,0.3724599569686828,0.22212717422298262,0.16703579338429664,0.8689935453024146,0.12138110662169833,0.7131766330880427,-0.007188015360524298,0.9409209110935517,0.0033418107312888777,0.08528517413419777,0.10022582239881307
PTB,MAR,mage_band,35+,KD_pooled,41991,4183,0.09961658450620371,0.6817665156732877,0.21340554726292024,0.3724599569686828,0.22298554458279662,0.16639279845681218,0.8711451111642362,0.12147071569052302,0.7144149936891239,-0.01485783950988995,0.9459713928157337,0.0032679168562101497,0.08519722052663678,0.10087992600678329
PTB,MAR,mage_band,35+,B4_logistic_pooled,41991,4183,0.09961658450620371,0.6567145216481397,0.2017069928008632,0.3361224001912503,0.2186625194401244,0.1531280512490772,0.8611044704757351,0.11537475976937861,0.7434926531875878,0.026034795737153192,0.8866619056851596,0.0050625671629988475,0.08613987469725182,0.09743919781288521
PTB,MAR,mage_band,<20,T_oracle,7597,708,0.09319468211135974,0.6327031630709072,0.18444048512168099,0.2231638418079096,0.23939393939393938,0.08687639857838621,0.9590395480225988,0.096847810583369,0.922864288534948,-0.03423575837206079,1.0471928130677195,0.005108843868051233,0.08144120797795962,0.09603351785628617
PTB,MAR,mage_band,<20,B1_teacher_meanimp,7597,708,0.09319468211135974,0.626950932174686,0.1851399749687986,0.2132768361581921,0.24473257698541329,0.08121626958009741,0.9519774011299436,0.09603875748076375,0.9237857048835066,-0.017266202792809895,1.0472575726061955,0.004883456303625849,0.08149388136703395,0.09461858974357866
PTB,MAR,mage_band,<20,B2_teacher_iterimp,7597,708,0.09319468211135974,0.6283476770057563,0.1737457057768861,0.21468926553672316,0.24918032786885247,0.08029485323153876,0.9491525423728814,0.09659335920655455,0.9157562195603528,-0.025955278121016015,0.943092950106372,0.006429051060486164,0.08212674823733625,0.09532797266715447
PTB,MAR,mage_band,<20,B3_pooled,7597,708,0.09319468211135974,0.6199120558197666,0.1810014055652544,0.2231638418079096,0.2383107088989442,0.08727129129919706,0.961864406779661,0.09671921602045164,0.9268132157430564,-0.02980965506362631,1.0339267985557192,0.007362059843484902,0.08164344611894489,0.09566824022746467
PTB,MAR,mage_band,<20,KD_pooled,7597,708,0.09319468211135974,0.6260393831810804,0.1839018715083111,0.2175141242937853,0.23655913978494625,0.08569172041595366,0.9562146892655368,0.0959603118355776,0.9286560484401738,-0.03398011395092985,1.0479304877540916,0.006422426355990513,0.08154709585097522,0.09601684457438528
PTB,MAR,mage_band,<20,B4_logistic_pooled,7597,708,0.09319468211135974,0.5980324196520614,0.162527883965847,0.1440677966101695,0.25,0.05370541003027511,0.8163841807909604,0.10106662003846827,0.7527971567724102,0.16909415673805592,1.0566444449314574,0.013679138933108778,0.08296977337127154,0.08004835472802076
PTB,MAR,payer_obs,2.0,T_oracle,105036,8177,0.07784949921931528,0.660291885021829,0.16595633887500938,0.21425950837715543,0.2162962962962963,0.07711641722837884,0.732297908768497,0.1035538261997406,0.5505255341025934,0.011538025146274234,0.9771776909767884,0.002535312055624281,0.06921398435622694,0.07705625652734165
PTB,MAR,payer_obs,2.0,B1_teacher_meanimp,105036,8177,0.07784949921931528,0.6603068392643657,0.16565438161311466,0.2154824507765684,0.21582557569818717,0.0777257321299364,0.7326647914883209,0.10322725158088805,0.5525438897140028,0.012619712941014842,0.9785151973414078,0.002682274549578288,0.06921695733560689,0.07698214300670457
PTB,MAR,payer_obs,2.0,B2_teacher_iterimp,105036,8177,0.07784949921931528,0.6584723183441878,0.16028538695545078,0.21425950837715543,0.21594971034142735,0.07724018431775773,0.7341323223676165,0.10282807173812501,0.555799916219201,-0.007495255435085459,0.9536800917495765,0.0027887250313857687,0.06939759325105958,0.07836803702754497
PTB,MAR,payer_obs,2.0,B3_pooled,105036,8177,0.07784949921931528,0.6589735297824011,0.16397528780742385,0.21425950837715543,0.2152598599336528,0.07748771849651548,0.732297908768497,0.10360220076819267,0.5502684793784988,0.013977655475976762,0.9838905801190648,0.002389462131329884,0.06926749842140378,0.07688851967611163
PTB,MAR,payer_obs,2.0,KD_pooled,105036,8177,0.07784949921931528,0.6601460142392596,0.1651181804693691,0.21487097957686194,0.21555637345111028,0.07760196504055752,0.731074966369084,0.10412820066190559,0.5465745077878061,0.013171810163012533,0.979725166070493,0.0024495187386337747,0.06923485254202653,0.07694406374408194
PTB,MAR,payer_obs,2.0,B4_logistic_pooled,105036,8177,0.07784949921931528,0.6322329230899177,0.1518477121517956,0.1894337776690718,0.20631326584976026,0.0714802543889714,0.7184786596551302,0.09799015928613126,0.570804295670056,0.01977414110984485,0.9743653689208319,0.0039022983595098687,0.06984602953772803,0.07648486622419608
PTB,MAR,payer_obs,1.0,T_oracle,79152,7776,0.09824135839902971,0.6717243134774353,0.2151237166325669,0.32960390946502055,0.23773304888229294,0.13620628663836667,0.8693415637860082,0.11591817137369892,0.7367722862340813,0.006449963759716241,0.9681489141555868,0.0018194129844405172,0.08409574064398966,0.09770241906320434
PTB,MAR,payer_obs,1.0,B1_teacher_meanimp,79152,7776,0.09824135839902971,0.6705489967982691,0.214616129825269,0.3283179012345679,0.237422114758672,0.13585253689104507,0.867798353909465,0.11568661066346649,0.7369365271881949,0.010780525341422263,0.9665544155956963,0.0021437841522171505,0.08412626808461655,0.09734177460493226
PTB,MAR,payer_obs,1.0,B2_teacher_iterimp,79152,7776,0.09824135839902971,0.6699192147344313,0.2074718096858877,0.3265174897119342,0.23671452545217228,0.13551142106327066,0.8638117283950617,0.11604042498056491,0.7313144329896907,-0.001253508854523888,0.9469199728065811,0.0017401510154020465,0.08436501146104369,0.09834625732794305
PTB,MAR,payer_obs,1.0,B3_pooled,79152,7776,0.09824135839902971,0.6683565091561711,0.21172289902520774,0.33037551440329216,0.23558000917010546,0.13777289266221954,0.8701131687242798,0.11498589442914925,0.7434050939963615,0.009333789872025924,0.9702203079238283,0.002367220345019626,0.08422810205346158,0.09746074520489548
PTB,MAR,payer_obs,1.0,KD_pooled,79152,7776,0.09824135839902971,0.6699600907553968,0.21410416419609474,0.3289609053497942,0.23691766231360564,0.13640842935112188,0.8710133744855967,0.11506183745583039,0.7436830402263999,0.005411201340820672,0.9712266105096968,0.002030539623721036,0.08414559604167661,0.09778846989155972
PTB,MAR,payer_obs,1.0,B4_logistic_pooled,79152,7776,0.09824135839902971,0.6448031817518516,0.19729415903968767,0.325488683127572,0.21788911845730027,0.14675560946027896,0.8854166666666666,0.10747400955324529,0.8093541540327471,-0.012235371888120128,0.9107575905054363,0.0070274392039441965,0.08518661721866662,0.09927548473372431
PTB,MAR,payer_obs,3.0,T_oracle,9219,616,0.06681852695520121,0.7226603600978819,0.19325570547887597,0.30357142857142855,0.22209026128266032,0.091333116390064,0.6996753246753247,0.11610991379310345,0.40264670788588786,-0.03203181717619517,0.9652621210039901,0.002896681730089013,0.058587308786594704,0.06871156616061905
PTB,MAR,payer_obs,3.0,B1_teacher_meanimp,9219,616,0.06681852695520121,0.7208715888900128,0.19185963516738722,0.29383116883116883,0.22019464720194648,0.0891636836967133,0.698051948051948,0.11605937921727395,0.4018874064432151,-0.022186031098512898,0.9684882777428663,0.0024017353399861936,0.0586215842367791,0.06812635708248266
PTB,MAR,payer_obs,3.0,B2_teacher_iterimp,9219,616,0.06681852695520121,0.7165791606974915,0.1754138798649268,0.2987012987012987,0.2216867469879518,0.09003145677405358,0.6915584415584416,0.11234177215189874,0.4113244386592906,-0.0654983593723557,0.9123948368304303,0.004306708311166985,0.059271274596401774,0.0707209003290114
PTB,MAR,payer_obs,3.0,B3_pooled,9219,616,0.06681852695520121,0.7145771597343723,0.1850756889465831,0.3003246753246753,0.21971496437054633,0.091333116390064,0.7012987012987013,0.11026033690658499,0.42499186462739996,-0.06199167624299299,1.0029925550156142,0.004102951491251497,0.05880882846299486,0.07055934852149268
PTB,MAR,payer_obs,3.0,KD_pooled,9219,616,0.06681852695520121,0.7180411054132431,0.18926126946110938,0.3068181818181818,0.2226148409893993,0.09209241783273674,0.6996753246753247,0.11197713691868018,0.41750732183534006,-0.048343467879027505,0.9742039998440434,0.0031295560950311825,0.0586829776696546,0.06970426848179549
PTB,MAR,payer_obs,3.0,B4_logistic_pooled,9219,616,0.06681852695520121,0.6757446247231786,0.15930702212861578,0.2305194805194805,0.23393739703459637,0.06584228224319341,0.7321428571428571,0.09308565531475749,0.5255450699642044,-0.10177092726331362,1.1724969986841898,0.0134995319480805,0.06015595249026408,0.07325131156772693
PTB,MAR,payer_obs,4.0,T_oracle,6593,528,0.08008493857121189,0.6731710135152014,0.20072847710767228,0.2840909090909091,0.2336448598130841,0.09737600485363264,0.7386363636363636,0.10529157667386609,0.5618079781586531,-0.0076926404627281906,1.0165370221492769,0.0033980977802732723,0.0699364605663132,0.08062771582544016
PTB,MAR,payer_obs,4.0,B1_teacher_meanimp,6593,528,0.08008493857121189,0.6725997089610033,0.19922081442116366,0.2821969696969697,0.2302936630602782,0.09813438495373882,0.7386363636363636,0.10481053480247246,0.5643864704990141,-0.006231179909268664,1.0110928992820158,0.0027892018246333345,0.07001501242568818,0.0805244350967104
PTB,MAR,payer_obs,4.0,B2_teacher_iterimp,6593,528,0.08008493857121189,0.6709551200379724,0.18634138919054583,0.2897727272727273,0.2321699544764795,0.09995449719399363,0.75,0.10498409331919406,0.572121947520097,-0.033729094832230834,0.9691414059611456,0.004104087424760311,0.0703001290067449,0.08248100126684928
PTB,MAR,payer_obs,4.0,B3_pooled,6593,528,0.08008493857121189,0.6722939931049988,0.1986496849996633,0.2689393939393939,0.22015503875968992,0.09783103291369634,0.75,0.10804911323328786,0.5558926133778249,-0.007214626554667731,1.0159610547212377,0.001900182186339646,0.0701190134357932,0.08059464872836086
PTB,MAR,payer_obs,4.0,KD_pooled,6593,528,0.08008493857121189,0.6702523482974844,0.1980873422436137,0.2859848484848485,0.2298325722983257,0.09965114515395115,0.740530303030303,0.10680142037694619,0.55528590929774,-0.007249631624534142,0.9938351078621107,0.002927422656108126,0.07010675913853945,0.08059625563794803
PTB,MAR,payer_obs,4.0,B4_logistic_pooled,6593,528,0.08008493857121189,0.6527957855554722,0.18284663176695634,0.2765151515151515,0.218562874251497,0.10131958137418474,0.8314393939393939,0.09384352287302265,0.7095404216593356,-0.07789055389389841,1.05857630966579,0.006730667964155539,0.07061982008922893,0.08578449063350863
PTB,MAR,foreign_born,0.0,T_oracle,152154,13344,0.08770061910958633,0.677738173358007,0.20023783087351893,0.2885941247002398,0.2348027559295165,0.10779210536693087,0.80560551558753,0.11231846202068749,0.6290337421296844,0.015395650279392674,0.981994090560155,0.0032653288081971894,0.07607027855797109,0.08653861014193312
PTB,MAR,foreign_born,0.0,B1_teacher_meanimp,152154,13344,0.08770061910958633,0.6771837319964646,0.1997469623295909,0.28851918465227816,0.2343987823439878,0.10794984029338696,0.8047811750599521,0.11202562016231667,0.6300327299972397,0.018362493903601278,0.9820162041228253,0.0036200132333466754,0.07609198294104168,0.08631584455510578
PTB,MAR,foreign_born,0.0,B2_teacher_iterimp,152154,13344,0.08770061910958633,0.6758033210345491,0.1923411015304419,0.28694544364508395,0.23391777139715317,0.10758179213165608,0.8044814148681055,0.11179031115924522,0.6311237299052276,0.00036515876146494685,0.9589151829405413,0.0039624919393557575,0.0763286008846365,0.08767293726789252
PTB,MAR,foreign_born,0.0,B3_pooled,152154,13344,0.08770061910958633,0.6755209305108324,0.1968758648595045,0.28776978417266186,0.23252997456703403,0.10853477397899497,0.8047811750599521,0.11212269913028952,0.6294872300432457,0.017072847622664495,0.985651291735993,0.00371002190359352,0.07618516711944334,0.08641076642469184
PTB,MAR,foreign_born,0.0,KD_pooled,152154,13344,0.08770061910958633,0.6765317376528861,0.1989406171450654,0.2879946043165468,0.23391563698338305,0.10797612944779632,0.80560551558753,0.11236424830931004,0.6287774228741932,0.015424329430039557,0.9825250410063314,0.0034472162538070096,0.07612026289962409,0.08653553366459198
PTB,MAR,foreign_born,0.0,B4_logistic_pooled,152154,13344,0.08770061910958633,0.6490926874342324,0.18129696843545262,0.2733812949640288,0.21683309557774608,0.11057218344571947,0.8112260191846523,0.10468141070893248,0.6796337920790778,0.0009065835469464809,0.959455108950742,0.00527193045305516,0.07705858880836745,0.08763128187796221
PTB,MAR,foreign_born,1.0,T_oracle,47575,3729,0.07838150289017341,0.6506030296901928,0.15717851745324127,0.21319388576025744,0.20213577421815407,0.08266946925906464,0.7508715473317243,0.10120725800621702,0.5815239096163952,-0.021521317783788206,0.932628273562274,0.003653398495705386,0.07003780977379392,0.07989151993250455
PTB,MAR,foreign_born,1.0,B1_teacher_meanimp,47575,3729,0.07838150289017341,0.6499290337801555,0.156971779460631,0.21158487530168946,0.20071228694988552,0.08262743037309511,0.7511397157414856,0.10094057443511478,0.5832685233841303,-0.019002594332054184,0.9335648639154517,0.0034201232236657597,0.07004320251255239,0.07971377388993098
PTB,MAR,foreign_born,1.0,B2_teacher_iterimp,47575,3729,0.07838150289017341,0.6483867045715859,0.15228938463521652,0.21292571735049612,0.20172764227642276,0.08273252758801891,0.7484580316438724,0.10093667498462985,0.5812086179716237,-0.03594765160169154,0.9082790514896338,0.003465868362508597,0.07023576810353234,0.08091498021083596
PTB,MAR,foreign_born,1.0,B3_pooled,47575,3729,0.07838150289017341,0.6473640334603423,0.1558772045751445,0.21480289621882542,0.20105421686746988,0.08374146085128745,0.7573075891659963,0.09990448225846393,0.5941565948502364,-0.021182376708689808,0.9456862535929221,0.0026873968408739346,0.07007620959714335,0.07987087990969549
PTB,MAR,foreign_born,1.0,KD_pooled,47575,3729,0.07838150289017341,0.649865025284686,0.15641285230915386,0.21587556985787074,0.2015523284927391,0.08395165528113505,0.7522123893805309,0.10040448151197337,0.5872201786652653,-0.0227212790467419,0.9407168391415373,0.0029400498308951774,0.07004905499502613,0.07997849112412839
PTB,MAR,foreign_born,1.0,B4_logistic_pooled,47575,3729,0.07838150289017341,0.62317484963187,0.14778635651544006,0.19093590775006705,0.20112994350282487,0.0744088281660536,0.7516760525610083,0.09365185432676244,0.6291119285338939,-0.013453458186798628,0.9030142142242076,0.0033282402817221652,0.07048333150352314,0.0793269461105576
PTB,MARx5,mracehisp,1.0,T_oracle,100148,7620,0.0760873906618205,0.6714480702840664,0.1802688606179272,0.23031496062992127,0.23328459391200318,0.07511882414027239,0.7101049868766404,0.10623552047748067,0.5085872908096017,0.02180169314311691,0.9917706127865513,0.0017463616406645237,0.06716407632781546,0.07463545635802735
PTB,MARx5,mracehisp,1.0,B1_teacher_meanimp,100148,7620,0.0760873906618205,0.6694547331178861,0.17879847807767207,0.23385826771653542,0.2307991192850667,0.07709589807085514,0.7135170603674541,0.10549088086922778,0.5146383352638095,0.029894084867135167,0.9917112595915704,0.002095958406349453,0.06722577734884622,0.07410101653153975
PTB,MARx5,mracehisp,1.0,B2_teacher_iterimp,100148,7620,0.0760873906618205,0.6681253554290496,0.17069106588774305,0.2325459317585302,0.22992085117425717,0.07695610496465231,0.7099737532808399,0.105248823002996,0.5132603746455247,0.016772877775994125,0.9655848540415313,0.001718985500603549,0.06743723102464902,0.0749691228005815
PTB,MARx5,mracehisp,1.0,B3_pooled,100148,7620,0.0760873906618205,0.6679468679240401,0.17640007820665551,0.2311023622047244,0.23137564052029957,0.07599752366497584,0.7024934383202099,0.1054819894380074,0.5067300395414787,0.022774523534688756,1.0016135776732462,0.002767591726688048,0.06729363286825106,0.07456699520244467
PTB,MARx5,mracehisp,1.0,KD_pooled,100148,7620,0.0760873906618205,0.669609274548035,0.177519109463639,0.2305774278215223,0.23136686858045827,0.07582777489315813,0.7034120734908137,0.10616594370828134,0.5041238966329832,0.021603974720743324,0.9968196898350618,0.0024204199246093757,0.0672517834398129,0.07464614190876595
PTB,MARx5,mracehisp,1.0,B4_logistic_pooled,100148,7620,0.0760873906618205,0.6392558109954827,0.15953335224166593,0.20236220472440944,0.21887863733144075,0.07034588808563326,0.6964566929133859,0.09872753655541913,0.5367456164875983,0.018435975452013906,1.0390654043723793,0.004512150309391758,0.0680209152082296,0.07484081174845593
PTB,MARx5,mracehisp,7.0,T_oracle,54162,4661,0.0860566448801743,0.6473719412506608,0.16799160705045846,0.23964814417506972,0.2095291690114425,0.09842694139802814,0.8195666166058786,0.1031791048807498,0.6835604298216462,-0.014853832072590762,0.9233543743135317,0.005718778683185025,0.07616125320881478,0.08718521246705446
PTB,MARx5,mracehisp,7.0,B1_teacher_meanimp,54162,4661,0.0860566448801743,0.641006771284781,0.16516360112556683,0.2332117571336623,0.2071659996188298,0.09687603855101362,0.8131302295644711,0.10207104575691471,0.6855544477678077,0.005199252849572721,0.9109374063848533,0.005392060396371784,0.07629502064105019,0.08566423584307727
PTB,MARx5,mracehisp,7.0,B2_teacher_iterimp,54162,4661,0.0860566448801743,0.6406144846702899,0.16177788941357402,0.23492812701137095,0.20785876993166286,0.09726376426276725,0.808624758635486,0.10216030141219201,0.6811602230345999,-0.005379118177055745,0.8886868645283087,0.004608315045038825,0.07646342932046994,0.08646361149638636
PTB,MARx5,mracehisp,7.0,B3_pooled,54162,4661,0.0860566448801743,0.6433999948535949,0.16499496942882236,0.23278266466423514,0.20921712302352488,0.09574978767401499,0.8212829864835872,0.10236115196406129,0.690465640116687,-0.0007164021467297246,0.9364041490258085,0.005993566728528201,0.0762785363897012,0.08611094254241239
PTB,MARx5,mracehisp,7.0,KD_pooled,54162,4661,0.0860566448801743,0.6434747789591052,0.1653171403361324,0.23492812701137095,0.2098907418056354,0.09632214467707988,0.8268611885861403,0.10223354024086158,0.6960230419851556,-0.012445284419347684,0.9288837455153837,0.005782959614996139,0.07628401215946388,0.08700360999931264
PTB,MARx5,mracehisp,7.0,B4_logistic_pooled,54162,4661,0.0860566448801743,0.6170810477018053,0.15605229811180202,0.19630980476292642,0.20786006360745116,0.08127469443521287,0.8506758206393478,0.09387059352730888,0.7798641113695949,-0.007380870407968348,0.8964097257763067,0.0055910581161597635,0.0767968344852493,0.08661998381230544
PTB,MARx5,mracehisp,3.0,T_oracle,1259,150,0.11914217633042097,0.709678388938984,0.2823407450381505,0.4266666666666667,0.28193832599118945,0.18030182684670373,0.8533333333333334,0.14479638009049775,0.7021445591739476,0.15973417248921234,0.9771564469777789,0.015614020673800825,0.09729122217260615,0.10455475389474647
PTB,MARx5,mracehisp,3.0,B1_teacher_meanimp,1259,150,0.11914217633042097,0.7002524797114517,0.2769281153422659,0.4066666666666667,0.2785388127853881,0.17394757744241462,0.8466666666666667,0.14750290360046459,0.6838760921366164,0.2038868735803173,0.9615366108753755,0.01900579819378911,0.09783810284378343,0.10075372530658926
PTB,MARx5,mracehisp,3.0,B2_teacher_iterimp,1259,150,0.11914217633042097,0.6977877968139465,0.2632077652238961,0.41333333333333333,0.2767857142857143,0.17791898332009531,0.8466666666666667,0.14853801169590644,0.6791104050833995,0.19023197957948532,0.9183962606587073,0.018844188816911755,0.09842118559980143,0.10199745760095952
PTB,MARx5,mracehisp,3.0,B3_pooled,1259,150,0.11914217633042097,0.6910369702434627,0.28027815827704855,0.4066666666666667,0.25738396624472576,0.18824463860206514,0.9066666666666666,0.13425468904244817,0.8046068308181096,0.0928927272644002,1.0227401316202116,0.009304898743421317,0.09766029859353775,0.1103277448947441
PTB,MARx5,mracehisp,3.0,KD_pooled,1259,150,0.11914217633042097,0.6998376916140667,0.28068278948410913,0.41333333333333333,0.27074235807860264,0.181890389197776,0.8933333333333333,0.14346895074946467,0.7418586179507546,0.13857551530419143,1.012150508345247,0.01422856168937107,0.09760864307488246,0.10625199782324825
PTB,MARx5,mracehisp,3.0,B4_logistic_pooled,1259,150,0.11914217633042097,0.6841659152389541,0.26023024030959196,0.4066666666666667,0.23282442748091603,0.20810166799046861,0.9466666666666667,0.12358572671888599,0.9126290706910246,-0.0008408178647500648,0.9890056984140612,0.011329267347186953,0.09886064239736284,0.11922475354568834
PTB,MARx5,mracehisp,2.0,T_oracle,25508,3177,0.12454916104751451,0.6750620302852663,0.25154723487289204,0.4368901479383066,0.24350877192982456,0.22345930688411478,0.9641170915958451,0.13316812312508153,0.9017171083581621,0.024406686638118374,0.9819117250476245,0.005015599806407968,0.10300191075886266,0.12206345235389553
PTB,MARx5,mracehisp,2.0,B1_teacher_meanimp,25508,3177,0.12454916104751451,0.6701431055887945,0.24623902231238076,0.42839156436890147,0.24238646482635798,0.2201270189744394,0.9656909033679572,0.13272192420834053,0.9062254978830171,0.04662005243412131,0.9686011580399206,0.0063133573405415875,0.10335092803700409,0.11983272150063438
PTB,MARx5,mracehisp,2.0,B2_teacher_iterimp,25508,3177,0.12454916104751451,0.6695438505569065,0.2393102360640423,0.4224110796348757,0.24272020256827637,0.21675552767759135,0.9622285174693107,0.13330716902145473,0.8990120746432492,0.052055675642805284,0.9472561902360844,0.006743743193515951,0.10363676211821819,0.11929987353834333
PTB,MARx5,mracehisp,2.0,B3_pooled,25508,3177,0.12454916104751451,0.6698682118170366,0.244112575677762,0.4381491973559962,0.23979328165374678,0.2275756625372432,0.9757632987094743,0.13139490526851186,0.9249255135643719,0.0063453635208634085,0.9926158383016768,0.003753568185803687,0.10340144658607135,0.1238960505518304
PTB,MARx5,mracehisp,2.0,KD_pooled,25508,3177,0.12454916104751451,0.6711606882609908,0.24631145853408548,0.43657538558388415,0.2411335187760779,0.22549788301709267,0.966320428076802,0.13213394163725575,0.91085149756939,0.01774184920891536,0.9917745715985263,0.0036997782138639686,0.10328833141144134,0.12273131533826341
PTB,MARx5,mracehisp,2.0,B4_logistic_pooled,25508,3177,0.12454916104751451,0.6492351314254402,0.2328654284318535,0.4730878186968839,0.21171996055782505,0.27830484553865453,0.9751337740006295,0.12921254587921255,0.9399404108514976,-0.025044237302359513,0.8690016847683404,0.008230838883114537,0.10468387669646984,0.12713301616477624
PTB,MARx5,mracehisp,6.0,T_oracle,5013,435,0.08677438659485338,0.6466697297921593,0.17363886642776194,0.26436781609195403,0.21178637200736647,0.10831837223219629,0.7977011494252874,0.10442371351188685,0.6628765210452823,-0.02737887479800791,0.871214064092228,0.006589679784926492,0.07666159568491979,0.08886062320212794
PTB,MARx5,mracehisp,6.0,B1_teacher_meanimp,5013,435,0.08677438659485338,0.6484081790472174,0.1779292584525069,0.25517241379310346,0.2047970479704797,0.10811889088370237,0.8068965517241379,0.10581851070244197,0.6616796329543188,-0.0020475290481487248,0.8968043780464349,0.006718557626301659,0.07653297103939151,0.0869292696623761
PTB,MARx5,mracehisp,6.0,B2_teacher_iterimp,5013,435,0.08677438659485338,0.6493826044601116,0.16887361874340157,0.2597701149425287,0.20545454545454545,0.1097147416716537,0.8160919540229885,0.10593852581319009,0.6684619988031119,-0.01827920304108298,0.8576666231230022,0.006239597907341311,0.07695620612156365,0.08816168179911778
PTB,MARx5,mracehisp,6.0,B3_pooled,5013,435,0.08677438659485338,0.6435410734999473,0.17665318248775663,0.2620689655172414,0.2130841121495327,0.10672252144424496,0.8045977011494253,0.10355029585798817,0.6742469579094355,-0.00641106134419394,0.9071659313191331,0.005785760933113281,0.07653971473821972,0.08726185723786403
PTB,MARx5,mracehisp,6.0,KD_pooled,5013,435,0.08677438659485338,0.6442950543077085,0.17480274092435205,0.2482758620689655,0.1981651376146789,0.10871733492918412,0.8022988505747126,0.10377639012786202,0.6708557749850389,-0.023438087593579324,0.8905110398155869,0.006443466721080469,0.07659489744672429,0.08856421401170603
PTB,MARx5,mracehisp,6.0,B4_logistic_pooled,5013,435,0.08677438659485338,0.6250475788754815,0.1669310331560792,0.2413793103448276,0.2125506072874494,0.09854378615599442,0.7885057471264367,0.09794403198172473,0.6985836824256932,0.022386521442753864,0.8853318896793664,0.009032635003683114,0.07713875327901172,0.08508229591163172
PTB,MARx5,mracehisp,4.0,T_oracle,12584,946,0.07517482517482517,0.6379340913904913,0.1558762450635431,0.1828752642706131,0.2023391812865497,0.0679434202161475,0.7441860465116279,0.093691775352675,0.5971074380165289,-0.041808906206785935,0.98064548880429,0.003018371131755603,0.06741191117840606,0.07803789953563559
PTB,MARx5,mracehisp,4.0,B1_teacher_meanimp,12584,946,0.07517482517482517,0.6346666547981806,0.154827011742429,0.18604651162790697,0.1981981981981982,0.07056579783852511,0.7642706131078224,0.09223115193264447,0.6229338842975206,-0.050687727838812834,0.9734427076011605,0.0035884526734783605,0.06748617868843666,0.0786612561305189
PTB,MARx5,mracehisp,4.0,B2_teacher_iterimp,12584,946,0.07517482517482517,0.6293988636045731,0.1489165065534929,0.18816067653276955,0.19755826859045506,0.07159885568976478,0.7642706131078224,0.08946912510827867,0.6421646535282899,-0.07856992609645015,0.9492312303172212,0.0057516179243913374,0.06766719045533712,0.0806367186198402
PTB,MARx5,mracehisp,4.0,B3_pooled,12584,946,0.07517482517482517,0.6328231186239435,0.1513540384269577,0.1849894291754757,0.20933014354066987,0.06643356643356643,0.7674418604651163,0.09230769230769231,0.625,-0.04636825696081449,1.0002371660527911,0.003360913917441365,0.06754688563334775,0.07836568844672469
PTB,MARx5,mracehisp,4.0,KD_pooled,12584,946,0.07517482517482517,0.6360003153626289,0.15357809410643852,0.18604651162790697,0.20346820809248556,0.06873808010171646,0.7610993657505285,0.09365244536940687,0.6109345200254291,-0.048811573405748133,0.9872235836681265,0.0035344951325538038,0.06750166365803818,0.07853270979032384
PTB,MARx5,mracehisp,4.0,B4_logistic_pooled,12584,946,0.07517482517482517,0.6043003309490997,0.13765138728276777,0.16913319238900634,0.19583843329253367,0.06492371265098539,0.766384778012685,0.08620689655172414,0.6683089637635092,-0.054880869811346586,0.8958483568199914,0.004840515880324565,0.06811920293257998,0.07896788140728088
PTB,MARx5,mage_band,20-34,T_oracle,150412,12206,0.08115044012445816,0.6673941324100996,0.18370194845472293,0.24102900213009995,0.2310713163682061,0.08464750152913332,0.7564312633131247,0.10686589967360356,0.5744089567321756,0.01828775819129127,0.9877622049607315,0.001998926957928279,0.07134844711786469,0.07985618050655756
PTB,MARx5,mage_band,20-34,B1_teacher_meanimp,150412,12206,0.08115044012445816,0.6639129789488561,0.18093472871931926,0.2385711944945109,0.2283205268935236,0.08479376645480413,0.7560216287071931,0.10606896551724138,0.5784112969709864,0.03220746602083374,0.9841748584363097,0.0030145727136044144,0.07146158489148766,0.07888098331862496
PTB,MARx5,mage_band,20-34,B2_teacher_iterimp,150412,12206,0.08115044012445816,0.6629812390942782,0.17364323118565134,0.23726036375553006,0.22783415938950516,0.0845078850091748,0.7520072095690644,0.10602367889113486,0.5755857245432545,0.020971666766364836,0.9605047504884072,0.002571036343876713,0.07167107936763953,0.07966853461003474
PTB,MARx5,mage_band,20-34,B3_pooled,150412,12206,0.08115044012445816,0.6631720357647106,0.17906642054174035,0.24004587907586433,0.22862047440699126,0.08520596760896737,0.7602818286088808,0.10542100240832462,0.5852458580432413,0.014802727173304674,0.998511043357434,0.001643061880347296,0.0715010492081573,0.08009811238344516
PTB,MARx5,mage_band,20-34,KD_pooled,150412,12206,0.08115044012445816,0.6647368235984076,0.1802188542929935,0.23996395215467803,0.22922210048520894,0.08495332819189959,0.7584794363427823,0.10623429377947606,0.579388612610696,0.01575802879561599,0.9937362830507475,0.0017276600946643575,0.07146388530367154,0.08003184727084695
PTB,MARx5,mage_band,20-34,B4_logistic_pooled,150412,12206,0.08115044012445816,0.63850211691515,0.16447223440308606,0.23111584466655744,0.2085304553518628,0.08993963247613222,0.776339505161396,0.09770784570491736,0.6447823311969789,-0.021474651765711145,0.9704264261865871,0.0038126158169640746,0.07218377094172576,0.0827073109536203
PTB,MARx5,mage_band,35+,T_oracle,41991,4183,0.09961658450620371,0.6832320467120561,0.21321896282291466,0.3710255797274683,0.2225727807256561,0.16605939367959802,0.8742529285202009,0.12129755547447676,0.7179871877307042,-0.019079497899645772,0.9435170740893527,0.0034193884573783906,0.08518830519897641,0.10123976175042129
PTB,MARx5,mage_band,35+,B1_teacher_meanimp,41991,4183,0.09961658450620371,0.6808700109282995,0.21142029417040664,0.3767630886923261,0.22032713546763597,0.1703460265294944,0.8792732488644514,0.12030616250163548,0.7280607749279607,-0.013571042116582058,0.9450055646309279,0.0031673990843642825,0.08528173547015395,0.10077062399585796
PTB,MARx5,mage_band,35+,B2_teacher_iterimp,41991,4183,0.09961658450620371,0.6793142812043063,0.2072852400436622,0.3770021515658618,0.21951559020044542,0.17108427996475437,0.8842935692087018,0.11944202266782912,0.7375151818246767,-0.029851639186593587,0.9379521806421757,0.0035904200997668597,0.0854594605783657,0.1021711557149929
PTB,MARx5,mage_band,35+,B3_pooled,41991,4183,0.09961658450620371,0.6805653682676055,0.21017934052800705,0.37437245995696866,0.2223800056802045,0.16770260293872497,0.8673201051876643,0.12168371625020963,0.710033102331452,-0.007865347261354814,0.9421271402905441,0.0033061654640997758,0.08532343849036866,0.1002838238853981
PTB,MARx5,mage_band,35+,KD_pooled,41991,4183,0.09961658450620371,0.6808308173390694,0.21114585860767282,0.37317714558929,0.22173295454545455,0.16765497368483723,0.8706669854171647,0.12156208277703605,0.713486223238313,-0.015284460593567327,0.9457190531543929,0.003189723167300551,0.08529200253021381,0.10091751969965872
PTB,MARx5,mage_band,35+,B4_logistic_pooled,41991,4183,0.09961658450620371,0.6569620226671666,0.2013399203562481,0.33946928042075064,0.2185624134215792,0.1547236312543164,0.8627779105904853,0.11544736252839001,0.7444690528922865,0.02484016291311487,0.8886153661577904,0.005245540899119015,0.08616117423997567,0.09753703199572901
PTB,MARx5,mage_band,<20,T_oracle,7597,708,0.09319468211135974,0.6327031630709072,0.18444048512168099,0.2231638418079096,0.23939393939393938,0.08687639857838621,0.9590395480225988,0.096847810583369,0.922864288534948,-0.03423575837206079,1.0471928130677195,0.005108843868051233,0.08144120797795962,0.09603351785628617
PTB,MARx5,mage_band,<20,B1_teacher_meanimp,7597,708,0.09319468211135974,0.617793309238588,0.1784496678387747,0.1807909604519774,0.25147347740667975,0.06700013163090694,0.9661016949152542,0.09620253164556962,0.935895748321706,0.021162175057207498,1.0600365153565536,0.0034407645482191817,0.08182374346781653,0.09146822296404943
PTB,MARx5,mage_band,<20,B2_teacher_iterimp,7597,708,0.09319468211135974,0.6158834849301228,0.16862213748890365,0.1807909604519774,0.25963488843813387,0.06489403711991576,0.9350282485875706,0.09519700891573195,0.915361326839542,0.050099366931673855,0.9338600842376172,0.006487726180184099,0.08239889588016669,0.0891823793994353
PTB,MARx5,mage_band,<20,B3_pooled,7597,708,0.09319468211135974,0.6228620834163692,0.17952519734007139,0.18926553672316385,0.2454212454212454,0.07187047518757404,0.9675141242937854,0.0963974106388967,0.9353692246939581,-0.022724719773398853,1.1202878572203112,0.005211974961203705,0.08179738120477165,0.09508574110151499
PTB,MARx5,mage_band,<20,KD_pooled,7597,708,0.09319468211135974,0.6260136523221742,0.17840642241153806,0.1906779661016949,0.23851590106007067,0.07450309332631302,0.9689265536723164,0.09510605850547622,0.9494537317362116,-0.040153519882629565,1.1085595412064122,0.006164242376527781,0.08179462453493529,0.09655615435904123
PTB,MARx5,mage_band,<20,B4_logistic_pooled,7597,708,0.09319468211135974,0.5975286688924373,0.16274018288497977,0.1327683615819209,0.27325581395348836,0.04528103198631039,0.844632768361582,0.09991645781119465,0.7878109780176386,0.16468753565171848,1.1126229712399327,0.013259308300288888,0.08299690093856749,0.0803489121910154
PTB,MARx5,payer_obs,2.0,T_oracle,105036,8177,0.07784949921931528,0.660291885021829,0.16595633887500938,0.21425950837715543,0.2162962962962963,0.07711641722837884,0.732297908768497,0.1035538261997406,0.5505255341025934,0.011538025146274234,0.9771776909767884,0.002535312055624281,0.06921398435622694,0.07705625652734165
PTB,MARx5,payer_obs,2.0,B1_teacher_meanimp,105036,8177,0.07784949921931528,0.6583455715429238,0.1640618111818988,0.2163385104561575,0.21190704360325827,0.0794775124719144,0.7402470343646814,0.10283025278608318,0.560417380707567,0.01636163599496684,0.9727525483187598,0.0027583120658361535,0.06928248938300266,0.076726139837454
PTB,MARx5,payer_obs,2.0,B2_teacher_iterimp,105036,8177,0.07784949921931528,0.6569230410147134,0.15867355318656737,0.21621621621621623,0.21100369972550423,0.07977264937735634,0.7395132689250337,0.10212801891572369,0.5637114893941125,0.00015530414558263638,0.9481534033097039,0.0024445714579191865,0.06946481322586845,0.07783878226726228
PTB,MARx5,payer_obs,2.0,B3_pooled,105036,8177,0.07784949921931528,0.6578269343213292,0.16292566499606068,0.2165830989360401,0.21521448535666546,0.0783445675768308,0.7309526721291427,0.10298602615572824,0.5525438897140028,0.012689612877152288,0.9830146042295111,0.0032247953794291634,0.06929947871490749,0.07697624312515365
PTB,MARx5,payer_obs,2.0,KD_pooled,105036,8177,0.07784949921931528,0.6588606646443902,0.16391302562640525,0.21499327381680322,0.21423348769193273,0.07812559503408355,0.7296074354897885,0.10369160177975528,0.5477740965002476,0.011725078151398206,0.9797888199199362,0.0025730028307837842,0.06928230375657249,0.07704255990473814
PTB,MARx5,payer_obs,2.0,B4_logistic_pooled,105036,8177,0.07784949921931528,0.6316437184846267,0.15123108915410186,0.19102360278830868,0.2044770257887158,0.07272744582809704,0.7170111287758346,0.097662952043043,0.5715468982063293,0.016443172150772904,0.9733019939293237,0.003921308969054894,0.06986891436814521,0.0767130039725304
PTB,MARx5,payer_obs,1.0,T_oracle,79152,7776,0.09824135839902971,0.6717243134774353,0.2151237166325669,0.32960390946502055,0.23773304888229294,0.13620628663836667,0.8693415637860082,0.11591817137369892,0.7367722862340813,0.006449963759716241,0.9681489141555868,0.0018194129844405172,0.08409574064398966,0.09770241906320434
PTB,MARx5,payer_obs,1.0,B1_teacher_meanimp,79152,7776,0.09824135839902971,0.6673140012582183,0.21246574053275238,0.3256172839506173,0.2375011724978895,0.13469021629270264,0.8648405349794238,0.11526266175336361,0.7371260359814029,0.02786127804835641,0.9643758594161643,0.0030324984809198354,0.08424705879719827,0.09592878908701631
PTB,MARx5,payer_obs,1.0,B2_teacher_iterimp,79152,7776,0.09824135839902971,0.6669451225103734,0.2058997266898655,0.3236882716049383,0.2377219493766528,0.13376794016575702,0.8598251028806584,0.11575484764542936,0.7297351930462906,0.025833248624221858,0.9458295599391581,0.0033608667746584287,0.08446198499888834,0.09609840608029036
PTB,MARx5,payer_obs,1.0,B3_pooled,79152,7776,0.09824135839902971,0.6670382029774738,0.2106331144816012,0.3262602880658436,0.23630774962742176,0.13563776025874266,0.8733281893004116,0.11438051606818028,0.7501010713563776,0.007321831282214248,0.9814357182152221,0.0023906879135172747,0.08429437702100911,0.09762720711531685
PTB,MARx5,payer_obs,1.0,KD_pooled,79152,7776,0.09824135839902971,0.6683700131794944,0.21176407718261722,0.3263888888888889,0.23682000559858168,0.13539771578734586,0.8738425925925926,0.1147804054054054,0.7479280371942592,0.0045401600746120445,0.9788368379050798,0.002124231066728525,0.08424559641023062,0.09786047732633209
PTB,MARx5,payer_obs,1.0,B4_logistic_pooled,79152,7776,0.09824135839902971,0.6442771626573537,0.1966277185542525,0.32137345679012347,0.21696475082479597,0.14551748534465334,0.8919753086419753,0.10691329479768787,0.819625530624621,-0.013115000380722521,0.9155442897477467,0.005935290188672823,0.08521129250150698,0.09935115440931619
PTB,MARx5,payer_obs,3.0,T_oracle,9219,616,0.06681852695520121,0.7226603600978819,0.19325570547887597,0.30357142857142855,0.22209026128266032,0.091333116390064,0.6996753246753247,0.11610991379310345,0.40264670788588786,-0.03203181717619517,0.9652621210039901,0.002896681730089013,0.058587308786594704,0.06871156616061905
PTB,MARx5,payer_obs,3.0,B1_teacher_meanimp,9219,616,0.06681852695520121,0.713780095587314,0.18281454932352187,0.2727272727272727,0.22192866578599735,0.08211302744332358,0.6818181818181818,0.11269117252481889,0.40427378240590084,0.006443389810221079,0.9624102715655269,0.0032947004430258528,0.05897310596697985,0.06644137737104479
PTB,MARx5,payer_obs,3.0,B2_teacher_iterimp,9219,616,0.06681852695520121,0.708977708621728,0.16886722405290377,0.26785714285714285,0.21767810026385223,0.0822214990779911,0.6753246753246753,0.11120021384656509,0.40579238529124634,-0.028309488253873468,0.9041206743335143,0.00399187450811815,0.059558087153537984,0.06848779167515542
PTB,MARx5,payer_obs,3.0,B3_pooled,9219,616,0.06681852695520121,0.7111151010444862,0.1779172448588722,0.28084415584415584,0.22179487179487178,0.08460787504067686,0.7061688311688312,0.11150986926429121,0.42314784683805184,-0.03797427306778239,1.00252735190856,0.002901603329996382,0.05905509127213166,0.06909650023289138
PTB,MARx5,payer_obs,3.0,KD_pooled,9219,616,0.06681852695520121,0.7139687944857653,0.18064476011982875,0.28733766233766234,0.22180451127819548,0.08656036446469248,0.7207792207792207,0.1128622267412303,0.4267274107820805,-0.04058388956193005,0.9741943700248263,0.0026486739935681868,0.05897831169312488,0.0692433730013322
PTB,MARx5,payer_obs,3.0,B4_logistic_pooled,9219,616,0.06681852695520121,0.6745382726653795,0.1547004518565543,0.20941558441558442,0.23159784560143626,0.06041870050981668,0.7272727272727273,0.0951571792693288,0.5106844560147521,-0.08148140053423131,1.1522479194314013,0.012595186426678905,0.06032225501031325,0.07192802742670304
PTB,MARx5,payer_obs,4.0,T_oracle,6593,528,0.08008493857121189,0.6731710135152014,0.20072847710767228,0.2840909090909091,0.2336448598130841,0.09737600485363264,0.7386363636363636,0.10529157667386609,0.5618079781586531,-0.0076926404627281906,1.0165370221492769,0.0033980977802732723,0.0699364605663132,0.08062771582544016
PTB,MARx5,payer_obs,4.0,B1_teacher_meanimp,6593,528,0.08008493857121189,0.6690246446326413,0.19725640969018174,0.2784090909090909,0.22615384615384615,0.09858941301380252,0.7424242424242424,0.10464495461825948,0.5681783709995449,0.003226381186166281,1.0051398546210988,0.002836323940944368,0.07010593406524897,0.0798580963480929
PTB,MARx5,payer_obs,4.0,B2_teacher_iterimp,6593,528,0.08008493857121189,0.665953121486922,0.18432121567079943,0.2859848484848485,0.2277526395173454,0.10056120127407857,0.740530303030303,0.10324795352521784,0.5743970878204155,-0.019836488736372046,0.9626251766725016,0.0040517935534121275,0.07037704336423183,0.08148746245195838
PTB,MARx5,payer_obs,4.0,B3_pooled,6593,528,0.08008493857121189,0.666805628419396,0.19504359698709703,0.2821969696969697,0.22610015174506828,0.09995449719399363,0.7386363636363636,0.10717230008244023,0.5519490368572728,-0.0073828619457812,0.9822802497629994,0.003128791199791372,0.07028811792133434,0.08060605151016063
PTB,MARx5,payer_obs,4.0,KD_pooled,6593,528,0.08008493857121189,0.6670438931774463,0.1950616196057871,0.2878787878787879,0.22926093514328807,0.10056120127407857,0.7215909090909091,0.10438356164383561,0.5536174730775064,-0.009587942076842378,0.9884646310095732,0.0037055121062590517,0.0702034881233301,0.080762233715978
PTB,MARx5,payer_obs,4.0,B4_logistic_pooled,6593,528,0.08008493857121189,0.6480229958280247,0.179691368861656,0.2746212121212121,0.22137404580152673,0.09934779311390869,0.8257575757575758,0.094515499674832,0.6996814803579554,-0.07001550322030614,1.046394020636203,0.0065371960829253605,0.07072960658821621,0.08519431331595076
PTB,MARx5,foreign_born,0.0,T_oracle,152154,13344,0.08770061910958633,0.677738173358007,0.20023783087351893,0.2885941247002398,0.2348027559295165,0.10779210536693087,0.80560551558753,0.11231846202068749,0.6290337421296844,0.015395650279392674,0.981994090560155,0.0032653288081971894,0.07607027855797109,0.08653861014193312
PTB,MARx5,foreign_born,0.0,B1_teacher_meanimp,152154,13344,0.08770061910958633,0.6747556493383206,0.1977183520313165,0.2873201438848921,0.2327727521097687,0.10825216556909446,0.8063549160671463,0.11175389217203452,0.6327996634988236,0.030116678401574934,0.9797195118405096,0.0029219744504344627,0.07618919611746566,0.08543751159853825
PTB,MARx5,foreign_born,0.0,B2_teacher_iterimp,152154,13344,0.08770061910958633,0.6734488611293805,0.1905236836301735,0.28619604316546765,0.23189021798530574,0.1082390209918898,0.8070293764988009,0.1111650184776101,0.6366838860628048,0.01725443342445324,0.9600302599453474,0.0028241847944432577,0.07642077946597438,0.08639927615090776
PTB,MARx5,foreign_born,0.0,B3_pooled,152154,13344,0.08770061910958633,0.6744617046799128,0.19577016994156674,0.28739508393285373,0.23335767311670927,0.108008990890808,0.8040317745803357,0.11183264191456983,0.6305322239310173,0.01691927527576753,0.9896915379929783,0.003471463980355855,0.07623628953812298,0.08642067511310801
PTB,MARx5,foreign_born,0.0,KD_pooled,152154,13344,0.08770061910958633,0.6752871414236667,0.1969707801387718,0.2876199040767386,0.23298731257208766,0.10826531014629914,0.804181654676259,0.11210471882410705,0.6291191818815148,0.014394285079994205,0.9867888456510718,0.0034355547115776496,0.0761993362683895,0.08661135274943432
PTB,MARx5,foreign_born,0.0,B4_logistic_pooled,152154,13344,0.08770061910958633,0.6488513473854588,0.18071946049851845,0.2719574340527578,0.21517936554995554,0.11084164727841529,0.8116007194244604,0.10458917603430293,0.6805473401948027,0.00035070139358286826,0.9605054548530044,0.005304055868039385,0.07708432478497111,0.08767377988440772
PTB,MARx5,foreign_born,1.0,T_oracle,47575,3729,0.07838150289017341,0.6506030296901928,0.15717851745324127,0.21319388576025744,0.20213577421815407,0.08266946925906464,0.7508715473317243,0.10120725800621702,0.5815239096163952,-0.021521317783788206,0.932628273562274,0.003653398495705386,0.07003780977379392,0.07989151993250455
PTB,MARx5,foreign_born,1.0,B1_teacher_meanimp,47575,3729,0.07838150289017341,0.6454275004814323,0.15400842892396027,0.20809868597479217,0.19816138917262513,0.0823121387283237,0.7535532314293376,0.09960300581312917,0.5930005254860746,-0.011559641681510474,0.9249026194006409,0.0041290329994468624,0.07016104880014859,0.07919050715656607
PTB,MARx5,foreign_born,1.0,B2_teacher_iterimp,47575,3729,0.07838150289017341,0.6444582630542621,0.1502934521622047,0.2083668543845535,0.1993841416474211,0.08191276931161325,0.7385358004827032,0.10025482344375683,0.577404098791382,-0.01621547734230014,0.9010382115101445,0.004197656900669168,0.07031882456582322,0.07951641688957405
PTB,MARx5,foreign_born,1.0,B3_pooled,47575,3729,0.07838150289017341,0.6443220963026607,0.15325319882035385,0.21158487530168946,0.20025380710659899,0.08281660535995797,0.7632072941807455,0.09871661463753036,0.6059905412506569,-0.023303178822943856,0.944611249668208,0.00338508683271526,0.0701701634576523,0.08002345013505231
PTB,MARx5,foreign_born,1.0,KD_pooled,47575,3729,0.07838150289017341,0.6466269678827994,0.15424321627738996,0.20943952802359883,0.20123679464055655,0.08157645822385706,0.7607937784928935,0.0998240675580577,0.5973725696269049,-0.02296394441856192,0.9390442694801472,0.003325659061442831,0.07014478652572055,0.07999763250697321
PTB,MARx5,foreign_born,1.0,B4_logistic_pooled,47575,3729,0.07838150289017341,0.62176002365822,0.14612739723667023,0.18744971842316976,0.20155709342560554,0.07289542827115081,0.7591847680343256,0.09288057742782152,0.6406726221755124,-0.015555853721903068,0.9036650681681039,0.0031557457617585613,0.07054072437818203,0.07947650063546832
